# Blender 4.5.3 LTS
# www.blender.org
mtllib sphere_metal.mtl
o Icosphere
v 0.000000 0.995185 -0.098017
v 0.000000 0.980785 -0.195090
v 0.000000 0.956940 -0.290285
v 0.000000 0.881921 -0.471397
v 0.000000 0.471397 -0.881921
v 0.000000 0.382683 -0.923880
v 0.000000 0.290285 -0.956940
v 0.000000 0.098017 -0.995185
v 0.000000 0.000000 -1.000000
v 0.000000 -0.098017 -0.995185
v 0.000000 -0.290285 -0.956940
v 0.000000 -0.382683 -0.923880
v 0.000000 -0.471397 -0.881921
v 0.000000 -0.956940 -0.290285
v 0.000000 -0.995185 -0.098017
v 0.009607 0.995185 -0.097545
v 0.019122 0.980785 -0.194151
v 0.028453 0.956940 -0.288887
v 0.037510 0.923880 -0.380841
v 0.046205 0.881921 -0.469127
v 0.054455 0.831470 -0.552895
v 0.062181 0.773010 -0.631339
v 0.069309 0.707107 -0.703702
v 0.075768 0.634393 -0.769288
v 0.081498 0.555570 -0.827466
v 0.086443 0.471397 -0.877675
v 0.090556 0.382683 -0.919431
v 0.093797 0.290285 -0.952332
v 0.096134 0.195090 -0.976062
v 0.097545 0.098017 -0.990393
v 0.098017 0.000000 -0.995185
v 0.097545 -0.098017 -0.990393
v 0.096134 -0.195090 -0.976062
v 0.093797 -0.290285 -0.952332
v 0.090556 -0.382683 -0.919431
v 0.086443 -0.471397 -0.877675
v 0.081498 -0.555570 -0.827466
v 0.075768 -0.634393 -0.769288
v 0.069309 -0.707107 -0.703702
v 0.062181 -0.773010 -0.631339
v 0.054455 -0.831470 -0.552895
v 0.046205 -0.881921 -0.469127
v 0.037510 -0.923880 -0.380841
v 0.028453 -0.956940 -0.288887
v 0.019122 -0.980785 -0.194151
v 0.009607 -0.995185 -0.097545
v 0.019122 0.995185 -0.096134
v 0.038060 0.980785 -0.191342
v 0.056632 0.956940 -0.284707
v 0.074658 0.923880 -0.375330
v 0.091965 0.881921 -0.462339
v 0.108386 0.831470 -0.544895
v 0.123764 0.773010 -0.622204
v 0.137950 0.707107 -0.693520
v 0.150807 0.634393 -0.758157
v 0.162212 0.555570 -0.815493
v 0.172054 0.471397 -0.864975
v 0.180240 0.382683 -0.906127
v 0.186690 0.290285 -0.938553
v 0.191342 0.195090 -0.961940
v 0.194151 0.098017 -0.976062
v 0.195090 0.000000 -0.980785
v 0.194151 -0.098017 -0.976062
v 0.191342 -0.195090 -0.961940
v 0.186690 -0.290285 -0.938553
v 0.180240 -0.382683 -0.906127
v 0.172054 -0.471397 -0.864975
v 0.162212 -0.555570 -0.815493
v 0.150807 -0.634393 -0.758157
v 0.137950 -0.707107 -0.693520
v 0.123764 -0.773010 -0.622204
v 0.108386 -0.831470 -0.544895
v 0.091965 -0.881921 -0.462339
v 0.074658 -0.923880 -0.375330
v 0.056632 -0.956940 -0.284707
v 0.038060 -0.980785 -0.191342
v 0.019122 -0.995185 -0.096134
v 0.028453 0.995185 -0.093797
v 0.056632 0.980785 -0.186690
v 0.084265 0.956940 -0.277785
v 0.111087 0.923880 -0.366205
v 0.136839 0.881921 -0.451099
v 0.161274 0.831470 -0.531648
v 0.184155 0.773010 -0.607077
v 0.205262 0.707107 -0.676659
v 0.224393 0.634393 -0.739725
v 0.241363 0.555570 -0.795667
v 0.256008 0.471397 -0.843946
v 0.268188 0.382683 -0.884098
v 0.277785 0.290285 -0.915735
v 0.284707 0.195090 -0.938553
v 0.288887 0.098017 -0.952332
v 0.290285 0.000000 -0.956940
v 0.288887 -0.098017 -0.952332
v 0.284707 -0.195090 -0.938553
v 0.277785 -0.290285 -0.915735
v 0.268188 -0.382683 -0.884098
v 0.256008 -0.471397 -0.843946
v 0.241363 -0.555570 -0.795667
v 0.224393 -0.634393 -0.739725
v 0.205262 -0.707107 -0.676659
v 0.184155 -0.773010 -0.607077
v 0.161274 -0.831470 -0.531648
v 0.136839 -0.881921 -0.451099
v 0.111087 -0.923880 -0.366205
v 0.084265 -0.956940 -0.277785
v 0.056632 -0.980785 -0.186690
v 0.028453 -0.995185 -0.093797
v 0.037510 0.995185 -0.090556
v 0.074658 0.980785 -0.180240
v 0.111087 0.956940 -0.268188
v 0.146447 0.923880 -0.353553
v 0.180396 0.881921 -0.435514
v 0.212608 0.831470 -0.513280
v 0.242772 0.773010 -0.586103
v 0.270598 0.707107 -0.653281
v 0.295818 0.634393 -0.714169
v 0.318190 0.555570 -0.768178
v 0.337497 0.471397 -0.814789
v 0.353553 0.382683 -0.853553
v 0.366205 0.290285 -0.884098
v 0.375330 0.195090 -0.906127
v 0.380841 0.098017 -0.919431
v 0.382683 0.000000 -0.923880
v 0.380841 -0.098017 -0.919431
v 0.375330 -0.195090 -0.906127
v 0.366205 -0.290285 -0.884098
v 0.353553 -0.382683 -0.853553
v 0.337497 -0.471397 -0.814789
v 0.318190 -0.555570 -0.768178
v 0.295818 -0.634393 -0.714169
v 0.270598 -0.707107 -0.653281
v 0.242772 -0.773010 -0.586103
v 0.212608 -0.831470 -0.513280
v 0.180396 -0.881921 -0.435514
v 0.146447 -0.923880 -0.353553
v 0.111087 -0.956940 -0.268188
v 0.074658 -0.980785 -0.180240
v 0.037510 -0.995185 -0.090556
v 0.046205 0.995185 -0.086443
v 0.091965 0.980785 -0.172054
v 0.136839 0.956940 -0.256008
v 0.180396 0.923880 -0.337497
v 0.222215 0.881921 -0.415735
v 0.261894 0.831470 -0.489969
v 0.299051 0.773010 -0.559485
v 0.333328 0.707107 -0.623612
v 0.364395 0.634393 -0.681734
v 0.391952 0.555570 -0.733291
v 0.415735 0.471397 -0.777785
v 0.435514 0.382683 -0.814789
v 0.451099 0.290285 -0.843946
v 0.462339 0.195090 -0.864975
v 0.469127 0.098017 -0.877675
v 0.471397 0.000000 -0.881921
v 0.469127 -0.098017 -0.877675
v 0.462339 -0.195090 -0.864975
v 0.451099 -0.290285 -0.843946
v 0.435514 -0.382683 -0.814789
v 0.415735 -0.471397 -0.777785
v 0.391952 -0.555570 -0.733291
v 0.364395 -0.634393 -0.681734
v 0.333328 -0.707107 -0.623612
v 0.299051 -0.773010 -0.559485
v 0.261894 -0.831470 -0.489969
v 0.222215 -0.881921 -0.415735
v 0.180396 -0.923880 -0.337497
v 0.136839 -0.956940 -0.256008
v 0.091965 -0.980785 -0.172054
v 0.046205 -0.995185 -0.086443
v 0.054455 0.995185 -0.081498
v 0.108386 0.980785 -0.162212
v 0.161274 0.956940 -0.241363
v 0.212608 0.923880 -0.318190
v 0.261894 0.881921 -0.391952
v 0.308658 0.831470 -0.461940
v 0.352450 0.773010 -0.527479
v 0.392847 0.707107 -0.587938
v 0.429462 0.634393 -0.642735
v 0.461940 0.555570 -0.691342
v 0.489969 0.471397 -0.733291
v 0.513280 0.382683 -0.768178
v 0.531648 0.290285 -0.795667
v 0.544895 0.195090 -0.815493
v 0.552895 0.098017 -0.827466
v 0.555570 0.000000 -0.831470
v 0.552895 -0.098017 -0.827466
v 0.544895 -0.195090 -0.815493
v 0.531648 -0.290285 -0.795667
v 0.513280 -0.382683 -0.768178
v 0.489969 -0.471397 -0.733291
v 0.461940 -0.555570 -0.691342
v 0.429462 -0.634393 -0.642735
v 0.392847 -0.707107 -0.587938
v 0.352450 -0.773010 -0.527479
v 0.308658 -0.831470 -0.461940
v 0.261894 -0.881921 -0.391952
v 0.212608 -0.923880 -0.318190
v 0.161274 -0.956940 -0.241363
v 0.108386 -0.980785 -0.162212
v 0.054455 -0.995185 -0.081498
v 0.062181 0.995185 -0.075768
v 0.123764 0.980785 -0.150807
v 0.184155 0.956940 -0.224393
v 0.242772 0.923880 -0.295818
v 0.299051 0.881921 -0.364395
v 0.352450 0.831470 -0.429462
v 0.402455 0.773010 -0.490393
v 0.448584 0.707107 -0.546601
v 0.490393 0.634393 -0.597545
v 0.527479 0.555570 -0.642735
v 0.559485 0.471397 -0.681734
v 0.586103 0.382683 -0.714168
v 0.607077 0.290285 -0.739725
v 0.622204 0.195090 -0.758157
v 0.631338 0.098017 -0.769288
v 0.634393 0.000000 -0.773010
v 0.631338 -0.098017 -0.769288
v 0.622204 -0.195090 -0.758157
v 0.607077 -0.290285 -0.739725
v 0.586103 -0.382683 -0.714168
v 0.559485 -0.471397 -0.681734
v 0.527479 -0.555570 -0.642735
v 0.490393 -0.634393 -0.597545
v 0.448584 -0.707107 -0.546601
v 0.402455 -0.773010 -0.490393
v 0.352450 -0.831470 -0.429462
v 0.299051 -0.881921 -0.364395
v 0.242772 -0.923880 -0.295818
v 0.184155 -0.956940 -0.224393
v 0.123764 -0.980785 -0.150807
v 0.062181 -0.995185 -0.075768
v 0.069309 0.995185 -0.069309
v 0.137950 0.980785 -0.137950
v 0.205262 0.956940 -0.205262
v 0.270598 0.923880 -0.270598
v 0.333328 0.881921 -0.333328
v 0.392848 0.831470 -0.392848
v 0.448584 0.773010 -0.448584
v 0.500000 0.707107 -0.500000
v 0.546601 0.634393 -0.546601
v 0.587938 0.555570 -0.587938
v 0.623612 0.471397 -0.623612
v 0.653281 0.382683 -0.653281
v 0.676659 0.290285 -0.676659
v 0.693520 0.195090 -0.693520
v 0.703702 0.098017 -0.703702
v 0.707107 0.000000 -0.707107
v 0.703702 -0.098017 -0.703702
v 0.693520 -0.195090 -0.693520
v 0.676659 -0.290285 -0.676659
v 0.653281 -0.382683 -0.653281
v 0.623612 -0.471397 -0.623612
v 0.587938 -0.555570 -0.587938
v 0.546601 -0.634393 -0.546601
v 0.500000 -0.707107 -0.500000
v 0.448584 -0.773010 -0.448584
v 0.392848 -0.831470 -0.392848
v 0.333328 -0.881921 -0.333328
v 0.270598 -0.923880 -0.270598
v 0.205262 -0.956940 -0.205262
v 0.137950 -0.980785 -0.137950
v 0.069309 -0.995185 -0.069309
v 0.075768 0.995185 -0.062181
v 0.150807 0.980785 -0.123764
v 0.224393 0.956940 -0.184155
v 0.295818 0.923880 -0.242772
v 0.364395 0.881921 -0.299051
v 0.429462 0.831470 -0.352450
v 0.490393 0.773010 -0.402455
v 0.546601 0.707107 -0.448584
v 0.597545 0.634393 -0.490393
v 0.642735 0.555570 -0.527479
v 0.681734 0.471397 -0.559485
v 0.714168 0.382683 -0.586103
v 0.739725 0.290285 -0.607077
v 0.758157 0.195090 -0.622203
v 0.769288 0.098017 -0.631338
v 0.773010 0.000000 -0.634393
v 0.769288 -0.098017 -0.631338
v 0.758157 -0.195090 -0.622203
v 0.739725 -0.290285 -0.607077
v 0.714168 -0.382683 -0.586103
v 0.681734 -0.471397 -0.559485
v 0.642735 -0.555570 -0.527479
v 0.597545 -0.634393 -0.490393
v 0.546601 -0.707107 -0.448584
v 0.490393 -0.773010 -0.402455
v 0.429462 -0.831470 -0.352450
v 0.364395 -0.881921 -0.299051
v 0.295818 -0.923880 -0.242772
v 0.224393 -0.956940 -0.184155
v 0.150807 -0.980785 -0.123764
v 0.075768 -0.995185 -0.062181
v 0.081498 0.995185 -0.054455
v 0.162212 0.980785 -0.108386
v 0.241363 0.956940 -0.161274
v 0.318190 0.923880 -0.212607
v 0.391952 0.881921 -0.261894
v 0.461940 0.831470 -0.308658
v 0.527479 0.773010 -0.352450
v 0.587938 0.707107 -0.392847
v 0.642735 0.634393 -0.429462
v 0.691342 0.555570 -0.461940
v 0.733291 0.471397 -0.489969
v 0.768178 0.382683 -0.513280
v 0.795667 0.290285 -0.531648
v 0.815493 0.195090 -0.544895
v 0.827466 0.098017 -0.552895
v 0.831470 0.000000 -0.555570
v 0.827466 -0.098017 -0.552895
v 0.815493 -0.195090 -0.544895
v 0.795667 -0.290285 -0.531648
v 0.768178 -0.382683 -0.513280
v 0.733291 -0.471397 -0.489969
v 0.691342 -0.555570 -0.461940
v 0.642735 -0.634393 -0.429462
v 0.587938 -0.707107 -0.392847
v 0.527479 -0.773010 -0.352450
v 0.461940 -0.831470 -0.308658
v 0.391952 -0.881921 -0.261894
v 0.318190 -0.923880 -0.212607
v 0.241363 -0.956940 -0.161274
v 0.162212 -0.980785 -0.108386
v 0.081498 -0.995185 -0.054455
v 0.086443 0.995185 -0.046205
v 0.172054 0.980785 -0.091965
v 0.256008 0.956940 -0.136839
v 0.337497 0.923880 -0.180396
v 0.415735 0.881921 -0.222215
v 0.489969 0.831470 -0.261894
v 0.559485 0.773010 -0.299051
v 0.623613 0.707107 -0.333328
v 0.681734 0.634393 -0.364395
v 0.733291 0.555570 -0.391952
v 0.777785 0.471397 -0.415735
v 0.814789 0.382683 -0.435514
v 0.843946 0.290285 -0.451099
v 0.864975 0.195090 -0.462339
v 0.877675 0.098017 -0.469127
v 0.881921 0.000000 -0.471397
v 0.877675 -0.098017 -0.469127
v 0.864975 -0.195090 -0.462339
v 0.843946 -0.290285 -0.451099
v 0.814789 -0.382683 -0.435514
v 0.777785 -0.471397 -0.415735
v 0.733291 -0.555570 -0.391952
v 0.681734 -0.634393 -0.364395
v 0.623613 -0.707107 -0.333328
v 0.559485 -0.773010 -0.299051
v 0.489969 -0.831470 -0.261894
v 0.415735 -0.881921 -0.222215
v 0.337497 -0.923880 -0.180396
v 0.256008 -0.956940 -0.136839
v 0.172054 -0.980785 -0.091965
v 0.086443 -0.995185 -0.046205
v 0.090556 0.995185 -0.037510
v 0.180240 0.980785 -0.074658
v 0.268188 0.956940 -0.111087
v 0.353553 0.923880 -0.146447
v 0.435514 0.881921 -0.180396
v 0.513280 0.831470 -0.212608
v 0.586103 0.773010 -0.242772
v 0.653281 0.707107 -0.270598
v 0.714168 0.634393 -0.295818
v 0.768178 0.555570 -0.318190
v 0.814789 0.471397 -0.337497
v 0.853553 0.382683 -0.353553
v 0.884098 0.290285 -0.366205
v 0.906127 0.195090 -0.375330
v 0.919431 0.098017 -0.380841
v 0.923879 0.000000 -0.382683
v 0.919431 -0.098017 -0.380841
v 0.906127 -0.195090 -0.375330
v 0.884098 -0.290285 -0.366205
v 0.853553 -0.382683 -0.353553
v 0.814789 -0.471397 -0.337497
v 0.768178 -0.555570 -0.318190
v 0.714168 -0.634393 -0.295818
v 0.653281 -0.707107 -0.270598
v 0.586103 -0.773010 -0.242772
v 0.513280 -0.831470 -0.212608
v 0.435514 -0.881921 -0.180396
v 0.353553 -0.923880 -0.146447
v 0.268188 -0.956940 -0.111087
v 0.180240 -0.980785 -0.074658
v 0.090556 -0.995185 -0.037510
v 0.093797 0.995185 -0.028453
v 0.186690 0.980785 -0.056632
v 0.277785 0.956940 -0.084265
v 0.366205 0.923880 -0.111087
v 0.451099 0.881921 -0.136839
v 0.531648 0.831470 -0.161274
v 0.607076 0.773010 -0.184155
v 0.676659 0.707107 -0.205262
v 0.739725 0.634393 -0.224393
v 0.795667 0.555570 -0.241363
v 0.843946 0.471397 -0.256008
v 0.884098 0.382683 -0.268188
v 0.915735 0.290285 -0.277785
v 0.938553 0.195090 -0.284707
v 0.952332 0.098017 -0.288887
v 0.956940 0.000000 -0.290285
v 0.952332 -0.098017 -0.288887
v 0.938553 -0.195090 -0.284707
v 0.915735 -0.290285 -0.277785
v 0.884098 -0.382683 -0.268188
v 0.843946 -0.471397 -0.256008
v 0.795667 -0.555570 -0.241363
v 0.739725 -0.634393 -0.224393
v 0.676659 -0.707107 -0.205262
v 0.607076 -0.773010 -0.184155
v 0.531648 -0.831470 -0.161274
v 0.451099 -0.881921 -0.136839
v 0.366205 -0.923880 -0.111087
v 0.277785 -0.956940 -0.084265
v 0.186690 -0.980785 -0.056632
v 0.093797 -0.995185 -0.028453
v 0.096134 0.995185 -0.019122
v 0.191342 0.980785 -0.038060
v 0.284707 0.956940 -0.056632
v 0.375330 0.923880 -0.074658
v 0.462339 0.881921 -0.091965
v 0.544895 0.831470 -0.108386
v 0.622204 0.773010 -0.123764
v 0.693520 0.707107 -0.137950
v 0.758157 0.634393 -0.150807
v 0.815493 0.555570 -0.162212
v 0.864975 0.471397 -0.172054
v 0.906127 0.382683 -0.180240
v 0.938553 0.290285 -0.186690
v 0.961940 0.195090 -0.191342
v 0.976063 0.098017 -0.194151
v 0.980785 0.000000 -0.195090
v 0.976063 -0.098017 -0.194151
v 0.961940 -0.195090 -0.191342
v 0.938553 -0.290285 -0.186690
v 0.906127 -0.382683 -0.180240
v 0.864975 -0.471397 -0.172054
v 0.815493 -0.555570 -0.162212
v 0.758157 -0.634393 -0.150807
v 0.693520 -0.707107 -0.137950
v 0.622204 -0.773010 -0.123764
v 0.544895 -0.831470 -0.108386
v 0.462339 -0.881921 -0.091965
v 0.375330 -0.923880 -0.074658
v 0.284707 -0.956940 -0.056632
v 0.191342 -0.980785 -0.038060
v 0.096134 -0.995185 -0.019122
v 0.097545 0.995185 -0.009607
v 0.194151 0.980785 -0.019122
v 0.288887 0.956940 -0.028453
v 0.380841 0.923880 -0.037510
v 0.469127 0.881921 -0.046205
v 0.552895 0.831470 -0.054455
v 0.631338 0.773010 -0.062181
v 0.703702 0.707107 -0.069308
v 0.769288 0.634393 -0.075768
v 0.827466 0.555570 -0.081498
v 0.877674 0.471397 -0.086443
v 0.919431 0.382683 -0.090556
v 0.952332 0.290285 -0.093797
v 0.976062 0.195090 -0.096134
v 0.990393 0.098017 -0.097545
v 0.995185 0.000000 -0.098017
v 0.990393 -0.098017 -0.097545
v 0.976062 -0.195090 -0.096134
v 0.952332 -0.290285 -0.093797
v 0.919431 -0.382683 -0.090556
v 0.877674 -0.471397 -0.086443
v 0.827466 -0.555570 -0.081498
v 0.769288 -0.634393 -0.075768
v 0.703702 -0.707107 -0.069308
v 0.631338 -0.773010 -0.062181
v 0.552895 -0.831470 -0.054455
v 0.469127 -0.881921 -0.046205
v 0.380841 -0.923880 -0.037510
v 0.288887 -0.956940 -0.028453
v 0.194151 -0.980785 -0.019122
v 0.097545 -0.995185 -0.009607
v 0.098017 0.995185 0.000000
v 0.195090 0.980785 -0.000000
v 0.290285 0.956940 0.000000
v 0.382683 0.923880 0.000000
v 0.471397 0.881921 0.000000
v 0.555570 0.831470 -0.000000
v 0.634393 0.773010 -0.000000
v 0.707107 0.707107 0.000000
v 0.773010 0.634393 -0.000000
v 0.831470 0.555570 -0.000000
v 0.881921 0.471397 0.000000
v 0.923879 0.382683 0.000000
v 0.956940 0.290285 -0.000000
v 0.980785 0.195090 0.000000
v 0.995185 0.098017 0.000000
v 1.000000 0.000000 0.000000
v 0.995185 -0.098017 0.000000
v 0.980785 -0.195090 0.000000
v 0.956940 -0.290285 -0.000000
v 0.923879 -0.382683 0.000000
v 0.881921 -0.471397 0.000000
v 0.831470 -0.555570 -0.000000
v 0.773010 -0.634393 -0.000000
v 0.707107 -0.707107 0.000000
v 0.634393 -0.773010 -0.000000
v 0.555570 -0.831470 -0.000000
v 0.471397 -0.881921 0.000000
v 0.382683 -0.923880 0.000000
v 0.290285 -0.956940 0.000000
v 0.195090 -0.980785 -0.000000
v 0.098017 -0.995185 0.000000
v 0.097545 0.995185 0.009607
v 0.194151 0.980785 0.019122
v 0.288887 0.956940 0.028453
v 0.380841 0.923880 0.037510
v 0.469127 0.881921 0.046205
v 0.552895 0.831470 0.054455
v 0.631338 0.773010 0.062181
v 0.703702 0.707107 0.069309
v 0.769288 0.634393 0.075768
v 0.827466 0.555570 0.081498
v 0.877674 0.471397 0.086443
v 0.919431 0.382683 0.090556
v 0.952332 0.290285 0.093797
v 0.976062 0.195090 0.096134
v 0.990393 0.098017 0.097545
v 0.995185 0.000000 0.098017
v 0.990393 -0.098017 0.097545
v 0.976062 -0.195090 0.096134
v 0.952332 -0.290285 0.093797
v 0.919431 -0.382683 0.090556
v 0.877674 -0.471397 0.086443
v 0.827466 -0.555570 0.081498
v 0.769288 -0.634393 0.075768
v 0.703702 -0.707107 0.069309
v 0.631338 -0.773010 0.062181
v 0.552895 -0.831470 0.054455
v 0.469127 -0.881921 0.046205
v 0.380841 -0.923880 0.037510
v 0.288887 -0.956940 0.028453
v 0.194151 -0.980785 0.019122
v 0.097545 -0.995185 0.009607
v 0.096134 0.995185 0.019122
v 0.191342 0.980785 0.038060
v 0.284707 0.956940 0.056632
v 0.375330 0.923880 0.074658
v 0.462339 0.881921 0.091965
v 0.544895 0.831470 0.108386
v 0.622204 0.773010 0.123764
v 0.693520 0.707107 0.137950
v 0.758157 0.634393 0.150807
v 0.815493 0.555570 0.162212
v 0.864975 0.471397 0.172054
v 0.906127 0.382683 0.180240
v 0.938553 0.290285 0.186690
v 0.961940 0.195090 0.191342
v 0.976062 0.098017 0.194151
v 0.980785 0.000000 0.195090
v 0.976062 -0.098017 0.194151
v 0.961940 -0.195090 0.191342
v 0.938553 -0.290285 0.186690
v 0.906127 -0.382683 0.180240
v 0.864975 -0.471397 0.172054
v 0.815493 -0.555570 0.162212
v 0.758157 -0.634393 0.150807
v 0.693520 -0.707107 0.137950
v 0.622204 -0.773010 0.123764
v 0.544895 -0.831470 0.108386
v 0.462339 -0.881921 0.091965
v 0.375330 -0.923880 0.074658
v 0.284707 -0.956940 0.056632
v 0.191342 -0.980785 0.038060
v 0.096134 -0.995185 0.019122
v 0.093797 0.995185 0.028453
v 0.186690 0.980785 0.056632
v 0.277785 0.956940 0.084265
v 0.366205 0.923880 0.111087
v 0.451098 0.881921 0.136839
v 0.531648 0.831470 0.161274
v 0.607076 0.773010 0.184155
v 0.676659 0.707107 0.205262
v 0.739725 0.634393 0.224393
v 0.795667 0.555570 0.241363
v 0.843946 0.471397 0.256008
v 0.884097 0.382683 0.268188
v 0.915735 0.290285 0.277785
v 0.938553 0.195090 0.284707
v 0.952332 0.098017 0.288887
v 0.956940 0.000000 0.290285
v 0.952332 -0.098017 0.288887
v 0.938553 -0.195090 0.284707
v 0.915735 -0.290285 0.277785
v 0.884097 -0.382683 0.268188
v 0.843946 -0.471397 0.256008
v 0.795667 -0.555570 0.241363
v 0.739725 -0.634393 0.224393
v 0.676659 -0.707107 0.205262
v 0.607076 -0.773010 0.184155
v 0.531648 -0.831470 0.161274
v 0.451098 -0.881921 0.136839
v 0.366205 -0.923880 0.111087
v 0.277785 -0.956940 0.084265
v 0.186690 -0.980785 0.056632
v 0.093797 -0.995185 0.028453
v 0.090556 0.995185 0.037510
v 0.180240 0.980785 0.074658
v 0.268188 0.956940 0.111087
v 0.353553 0.923880 0.146447
v 0.435514 0.881921 0.180396
v 0.513280 0.831470 0.212608
v 0.586103 0.773010 0.242772
v 0.653281 0.707107 0.270598
v 0.714169 0.634393 0.295818
v 0.768178 0.555570 0.318190
v 0.814789 0.471397 0.337497
v 0.853553 0.382683 0.353553
v 0.884098 0.290285 0.366205
v 0.906127 0.195090 0.375330
v 0.919431 0.098017 0.380841
v 0.923879 0.000000 0.382683
v 0.919431 -0.098017 0.380841
v 0.906127 -0.195090 0.375330
v 0.884098 -0.290285 0.366205
v 0.853553 -0.382683 0.353553
v 0.814789 -0.471397 0.337497
v 0.768178 -0.555570 0.318190
v 0.714169 -0.634393 0.295818
v 0.653281 -0.707107 0.270598
v 0.586103 -0.773010 0.242772
v 0.513280 -0.831470 0.212608
v 0.435514 -0.881921 0.180396
v 0.353553 -0.923880 0.146447
v 0.268188 -0.956940 0.111087
v 0.180240 -0.980785 0.074658
v 0.090556 -0.995185 0.037510
v 0.086443 0.995185 0.046205
v 0.172054 0.980785 0.091965
v 0.256008 0.956940 0.136839
v 0.337497 0.923880 0.180396
v 0.415735 0.881921 0.222215
v 0.489969 0.831470 0.261894
v 0.559485 0.773010 0.299051
v 0.623612 0.707107 0.333328
v 0.681734 0.634393 0.364395
v 0.733291 0.555570 0.391952
v 0.777785 0.471397 0.415735
v 0.814789 0.382683 0.435514
v 0.843946 0.290285 0.451099
v 0.864975 0.195090 0.462339
v 0.877674 0.098017 0.469127
v 0.881921 0.000000 0.471397
v 0.877674 -0.098017 0.469127
v 0.864975 -0.195090 0.462339
v 0.843946 -0.290285 0.451099
v 0.814789 -0.382683 0.435514
v 0.777785 -0.471397 0.415735
v 0.733291 -0.555570 0.391952
v 0.681734 -0.634393 0.364395
v 0.623612 -0.707107 0.333328
v 0.559485 -0.773010 0.299051
v 0.489969 -0.831470 0.261894
v 0.415735 -0.881921 0.222215
v 0.337497 -0.923880 0.180396
v 0.256008 -0.956940 0.136839
v 0.172054 -0.980785 0.091965
v 0.086443 -0.995185 0.046205
v 0.081498 0.995185 0.054455
v 0.162212 0.980785 0.108386
v 0.241363 0.956940 0.161274
v 0.318190 0.923880 0.212607
v 0.391952 0.881921 0.261894
v 0.461940 0.831470 0.308658
v 0.527479 0.773010 0.352450
v 0.587938 0.707107 0.392848
v 0.642735 0.634393 0.429462
v 0.691342 0.555570 0.461940
v 0.733290 0.471397 0.489969
v 0.768178 0.382683 0.513280
v 0.795667 0.290285 0.531648
v 0.815493 0.195090 0.544895
v 0.827466 0.098017 0.552895
v 0.831469 0.000000 0.555570
v 0.827466 -0.098017 0.552895
v 0.815493 -0.195090 0.544895
v 0.795667 -0.290285 0.531648
v 0.768178 -0.382683 0.513280
v 0.733290 -0.471397 0.489969
v 0.691342 -0.555570 0.461940
v 0.642735 -0.634393 0.429462
v 0.587938 -0.707107 0.392848
v 0.527479 -0.773010 0.352450
v 0.461940 -0.831470 0.308658
v 0.391952 -0.881921 0.261894
v 0.318190 -0.923880 0.212607
v 0.241363 -0.956940 0.161274
v 0.162212 -0.980785 0.108386
v 0.081498 -0.995185 0.054455
v 0.075768 0.995185 0.062181
v 0.150807 0.980785 0.123764
v 0.224393 0.956940 0.184155
v 0.295818 0.923880 0.242772
v 0.364394 0.881921 0.299051
v 0.429462 0.831470 0.352450
v 0.490393 0.773010 0.402455
v 0.546601 0.707107 0.448584
v 0.597545 0.634393 0.490393
v 0.642735 0.555570 0.527479
v 0.681734 0.471397 0.559485
v 0.714168 0.382683 0.586103
v 0.739725 0.290285 0.607076
v 0.758157 0.195090 0.622204
v 0.769288 0.098017 0.631338
v 0.773010 0.000000 0.634393
v 0.769288 -0.098017 0.631338
v 0.758157 -0.195090 0.622204
v 0.739725 -0.290285 0.607076
v 0.714168 -0.382683 0.586103
v 0.681734 -0.471397 0.559485
v 0.642735 -0.555570 0.527479
v 0.597545 -0.634393 0.490393
v 0.546601 -0.707107 0.448584
v 0.490393 -0.773010 0.402455
v 0.429462 -0.831470 0.352450
v 0.364394 -0.881921 0.299051
v 0.295818 -0.923880 0.242772
v 0.224393 -0.956940 0.184155
v 0.150807 -0.980785 0.123764
v 0.075768 -0.995185 0.062181
v 0.069309 0.995185 0.069309
v 0.137950 0.980785 0.137950
v 0.205262 0.956940 0.205262
v 0.270598 0.923880 0.270598
v 0.333328 0.881921 0.333328
v 0.392848 0.831470 0.392848
v 0.448584 0.773010 0.448584
v 0.500000 0.707107 0.500000
v 0.546601 0.634393 0.546601
v 0.587938 0.555570 0.587938
v 0.623612 0.471397 0.623612
v 0.653281 0.382683 0.653281
v 0.676659 0.290285 0.676659
v 0.693520 0.195090 0.693520
v 0.703702 0.098017 0.703702
v 0.707107 0.000000 0.707107
v 0.703702 -0.098017 0.703702
v 0.693520 -0.195090 0.693520
v 0.676659 -0.290285 0.676659
v 0.653281 -0.382683 0.653281
v 0.623612 -0.471397 0.623612
v 0.587938 -0.555570 0.587938
v 0.546601 -0.634393 0.546601
v 0.500000 -0.707107 0.500000
v 0.448584 -0.773010 0.448584
v 0.392848 -0.831470 0.392848
v 0.333328 -0.881921 0.333328
v 0.270598 -0.923880 0.270598
v 0.205262 -0.956940 0.205262
v 0.137950 -0.980785 0.137950
v 0.069309 -0.995185 0.069309
v 0.062181 0.995185 0.075768
v 0.123764 0.980785 0.150807
v 0.184155 0.956940 0.224393
v 0.242772 0.923880 0.295818
v 0.299051 0.881921 0.364395
v 0.352450 0.831470 0.429462
v 0.402455 0.773010 0.490393
v 0.448584 0.707107 0.546601
v 0.490393 0.634393 0.597545
v 0.527479 0.555570 0.642735
v 0.559485 0.471397 0.681734
v 0.586103 0.382683 0.714168
v 0.607076 0.290285 0.739725
v 0.622203 0.195090 0.758157
v 0.631338 0.098017 0.769288
v 0.634393 0.000000 0.773010
v 0.631338 -0.098017 0.769288
v 0.622203 -0.195090 0.758157
v 0.607076 -0.290285 0.739725
v 0.586103 -0.382683 0.714168
v 0.559485 -0.471397 0.681734
v 0.527479 -0.555570 0.642735
v 0.490393 -0.634393 0.597545
v 0.448584 -0.707107 0.546601
v 0.402455 -0.773010 0.490393
v 0.352450 -0.831470 0.429462
v 0.299051 -0.881921 0.364395
v 0.242772 -0.923880 0.295818
v 0.184155 -0.956940 0.224393
v 0.123764 -0.980785 0.150807
v 0.062181 -0.995185 0.075768
v 0.054455 0.995185 0.081498
v 0.108386 0.980785 0.162212
v 0.161274 0.956940 0.241363
v 0.212607 0.923880 0.318190
v 0.261894 0.881921 0.391952
v 0.308658 0.831470 0.461940
v 0.352450 0.773010 0.527479
v 0.392847 0.707107 0.587938
v 0.429462 0.634393 0.642735
v 0.461940 0.555570 0.691342
v 0.489969 0.471397 0.733291
v 0.513280 0.382683 0.768178
v 0.531647 0.290285 0.795667
v 0.544895 0.195090 0.815493
v 0.552895 0.098017 0.827466
v 0.555570 0.000000 0.831470
v 0.552895 -0.098017 0.827466
v 0.544895 -0.195090 0.815493
v 0.531647 -0.290285 0.795667
v 0.513280 -0.382683 0.768178
v 0.489969 -0.471397 0.733291
v 0.461940 -0.555570 0.691342
v 0.429462 -0.634393 0.642735
v 0.392847 -0.707107 0.587938
v 0.352450 -0.773010 0.527479
v 0.308658 -0.831470 0.461940
v 0.261894 -0.881921 0.391952
v 0.212607 -0.923880 0.318190
v 0.161274 -0.956940 0.241363
v 0.108386 -0.980785 0.162212
v 0.054455 -0.995185 0.081498
v 0.046205 0.995185 0.086443
v 0.091965 0.980785 0.172054
v 0.136839 0.956940 0.256008
v 0.180396 0.923880 0.337497
v 0.222215 0.881921 0.415735
v 0.261894 0.831470 0.489969
v 0.299051 0.773010 0.559485
v 0.333328 0.707107 0.623612
v 0.364395 0.634393 0.681734
v 0.391952 0.555570 0.733291
v 0.415735 0.471397 0.777785
v 0.435514 0.382683 0.814789
v 0.451098 0.290285 0.843946
v 0.462339 0.195090 0.864975
v 0.469127 0.098017 0.877674
v 0.471397 0.000000 0.881921
v 0.469127 -0.098017 0.877674
v 0.462339 -0.195090 0.864975
v 0.451098 -0.290285 0.843946
v 0.435514 -0.382683 0.814789
v 0.415735 -0.471397 0.777785
v 0.391952 -0.555570 0.733291
v 0.364395 -0.634393 0.681734
v 0.333328 -0.707107 0.623612
v 0.299051 -0.773010 0.559485
v 0.261894 -0.831470 0.489969
v 0.222215 -0.881921 0.415735
v 0.180396 -0.923880 0.337497
v 0.136839 -0.956940 0.256008
v 0.091965 -0.980785 0.172054
v 0.046205 -0.995185 0.086443
v 0.037510 0.995185 0.090556
v 0.074658 0.980785 0.180240
v 0.111087 0.956940 0.268188
v 0.146447 0.923880 0.353553
v 0.180396 0.881921 0.435514
v 0.212608 0.831470 0.513280
v 0.242772 0.773010 0.586103
v 0.270598 0.707107 0.653281
v 0.295818 0.634393 0.714168
v 0.318190 0.555570 0.768178
v 0.337497 0.471397 0.814789
v 0.353553 0.382683 0.853553
v 0.366205 0.290285 0.884097
v 0.375330 0.195090 0.906127
v 0.380841 0.098017 0.919431
v 0.382683 0.000000 0.923879
v 0.380841 -0.098017 0.919431
v 0.375330 -0.195090 0.906127
v 0.366205 -0.290285 0.884097
v 0.353553 -0.382683 0.853553
v 0.337497 -0.471397 0.814789
v 0.318190 -0.555570 0.768178
v 0.295818 -0.634393 0.714168
v 0.270598 -0.707107 0.653281
v 0.242772 -0.773010 0.586103
v 0.212608 -0.831470 0.513280
v 0.180396 -0.881921 0.435514
v 0.146447 -0.923880 0.353553
v 0.111087 -0.956940 0.268188
v 0.074658 -0.980785 0.180240
v 0.037510 -0.995185 0.090556
v 0.028453 0.995185 0.093797
v 0.056632 0.980785 0.186690
v 0.084265 0.956940 0.277785
v 0.111087 0.923880 0.366205
v 0.136839 0.881921 0.451098
v 0.161274 0.831470 0.531648
v 0.184155 0.773010 0.607076
v 0.205262 0.707107 0.676659
v 0.224393 0.634393 0.739725
v 0.241363 0.555570 0.795667
v 0.256008 0.471397 0.843946
v 0.268188 0.382683 0.884097
v 0.277785 0.290285 0.915735
v 0.284707 0.195090 0.938553
v 0.288887 0.098017 0.952332
v 0.290284 0.000000 0.956940
v 0.288887 -0.098017 0.952332
v 0.284707 -0.195090 0.938553
v 0.277785 -0.290285 0.915735
v 0.268188 -0.382683 0.884097
v 0.256008 -0.471397 0.843946
v 0.241363 -0.555570 0.795667
v 0.224393 -0.634393 0.739725
v 0.205262 -0.707107 0.676659
v 0.184155 -0.773010 0.607076
v 0.161274 -0.831470 0.531648
v 0.136839 -0.881921 0.451098
v 0.111087 -0.923880 0.366205
v 0.084265 -0.956940 0.277785
v 0.056632 -0.980785 0.186690
v 0.028453 -0.995185 0.093797
v 0.019122 0.995185 0.096134
v 0.038060 0.980785 0.191342
v 0.056632 0.956940 0.284707
v 0.074658 0.923880 0.375330
v 0.091965 0.881921 0.462339
v 0.108386 0.831470 0.544895
v 0.123764 0.773010 0.622204
v 0.137950 0.707107 0.693520
v 0.150807 0.634393 0.758157
v 0.162212 0.555570 0.815493
v 0.172054 0.471397 0.864975
v 0.180240 0.382683 0.906127
v 0.186690 0.290285 0.938553
v 0.191342 0.195090 0.961940
v 0.194151 0.098017 0.976062
v 0.195090 0.000000 0.980785
v 0.194151 -0.098017 0.976062
v 0.191342 -0.195090 0.961940
v 0.186690 -0.290285 0.938553
v 0.180240 -0.382683 0.906127
v 0.172054 -0.471397 0.864975
v 0.162212 -0.555570 0.815493
v 0.150807 -0.634393 0.758157
v 0.137950 -0.707107 0.693520
v 0.123764 -0.773010 0.622204
v 0.108386 -0.831470 0.544895
v 0.091965 -0.881921 0.462339
v 0.074658 -0.923880 0.375330
v 0.056632 -0.956940 0.284707
v 0.038060 -0.980785 0.191342
v 0.019122 -0.995185 0.096134
v 0.009607 0.995185 0.097545
v 0.019122 0.980785 0.194151
v 0.028453 0.956940 0.288887
v 0.037510 0.923880 0.380841
v 0.046205 0.881921 0.469127
v 0.054455 0.831470 0.552895
v 0.062181 0.773010 0.631338
v 0.069308 0.707107 0.703702
v 0.075768 0.634393 0.769288
v 0.081498 0.555570 0.827466
v 0.086443 0.471397 0.877674
v 0.090556 0.382683 0.919430
v 0.093796 0.290285 0.952332
v 0.096134 0.195090 0.976062
v 0.097545 0.098017 0.990392
v 0.098017 0.000000 0.995185
v 0.097545 -0.098017 0.990392
v 0.096134 -0.195090 0.976062
v 0.093796 -0.290285 0.952332
v 0.090556 -0.382683 0.919430
v 0.086443 -0.471397 0.877674
v 0.081498 -0.555570 0.827466
v 0.075768 -0.634393 0.769288
v 0.069308 -0.707107 0.703702
v 0.062181 -0.773010 0.631338
v 0.054455 -0.831470 0.552895
v 0.046205 -0.881921 0.469127
v 0.037510 -0.923880 0.380841
v 0.028453 -0.956940 0.288887
v 0.019122 -0.980785 0.194151
v 0.009607 -0.995185 0.097545
v -0.000000 0.995185 0.098017
v 0.000000 0.980785 0.195090
v -0.000000 0.956940 0.290285
v -0.000000 0.923880 0.382683
v -0.000000 0.881921 0.471397
v 0.000000 0.831470 0.555571
v 0.000000 0.773010 0.634393
v -0.000000 0.707107 0.707107
v 0.000000 0.634393 0.773010
v 0.000000 0.555570 0.831470
v -0.000000 0.471397 0.881921
v -0.000000 0.382683 0.923879
v -0.000000 0.290285 0.956940
v -0.000000 0.195090 0.980785
v -0.000000 0.098017 0.995184
v -0.000000 0.000000 1.000000
v -0.000000 -0.098017 0.995184
v -0.000000 -0.195090 0.980785
v -0.000000 -0.290285 0.956940
v -0.000000 -0.382683 0.923879
v -0.000000 -0.471397 0.881921
v 0.000000 -0.555570 0.831470
v 0.000000 -0.634393 0.773010
v -0.000000 -0.707107 0.707107
v 0.000000 -0.773010 0.634393
v 0.000000 -0.831470 0.555571
v -0.000000 -0.881921 0.471397
v -0.000000 -0.923880 0.382683
v -0.000000 -0.956940 0.290285
v 0.000000 -0.980785 0.195090
v -0.000000 -0.995185 0.098017
v -0.009607 0.995185 0.097545
v -0.019122 0.980785 0.194151
v -0.028453 0.956940 0.288887
v -0.037510 0.923880 0.380840
v -0.046205 0.881921 0.469127
v -0.054455 0.831470 0.552895
v -0.062181 0.773010 0.631338
v -0.069309 0.707107 0.703702
v -0.075768 0.634393 0.769288
v -0.081498 0.555570 0.827466
v -0.086443 0.471397 0.877674
v -0.090556 0.382683 0.919430
v -0.093797 0.290285 0.952332
v -0.096134 0.195090 0.976062
v -0.097545 0.098017 0.990392
v -0.098017 0.000000 0.995184
v -0.097545 -0.098017 0.990392
v -0.096134 -0.195090 0.976062
v -0.093797 -0.290285 0.952332
v -0.090556 -0.382683 0.919430
v -0.086443 -0.471397 0.877674
v -0.081498 -0.555570 0.827466
v -0.075768 -0.634393 0.769288
v -0.069309 -0.707107 0.703702
v -0.062181 -0.773010 0.631338
v -0.054455 -0.831470 0.552895
v -0.046205 -0.881921 0.469127
v -0.037510 -0.923880 0.380840
v -0.028453 -0.956940 0.288887
v -0.019122 -0.980785 0.194151
v -0.009607 -0.995185 0.097545
v 0.000000 1.000000 0.000000
v -0.019122 0.995185 0.096134
v -0.038060 0.980785 0.191342
v -0.056632 0.956940 0.284707
v -0.074658 0.923880 0.375330
v -0.091965 0.881921 0.462339
v -0.108386 0.831470 0.544895
v -0.123764 0.773010 0.622204
v -0.137950 0.707107 0.693520
v -0.150807 0.634393 0.758157
v -0.162212 0.555570 0.815493
v -0.172054 0.471397 0.864975
v -0.180240 0.382683 0.906127
v -0.186690 0.290285 0.938553
v -0.191342 0.195090 0.961940
v -0.194151 0.098017 0.976062
v -0.195090 0.000000 0.980785
v -0.194151 -0.098017 0.976062
v -0.191342 -0.195090 0.961940
v -0.186690 -0.290285 0.938553
v -0.180240 -0.382683 0.906127
v -0.172054 -0.471397 0.864975
v -0.162212 -0.555570 0.815493
v -0.150807 -0.634393 0.758157
v -0.137950 -0.707107 0.693520
v -0.123764 -0.773010 0.622204
v -0.108386 -0.831470 0.544895
v -0.091965 -0.881921 0.462339
v -0.074658 -0.923880 0.375330
v -0.056632 -0.956940 0.284707
v -0.038060 -0.980785 0.191342
v -0.019122 -0.995185 0.096134
v -0.028453 0.995185 0.093797
v -0.056632 0.980785 0.186690
v -0.084265 0.956940 0.277785
v -0.111087 0.923880 0.366205
v -0.136839 0.881921 0.451098
v -0.161274 0.831470 0.531648
v -0.184155 0.773010 0.607076
v -0.205262 0.707107 0.676659
v -0.224393 0.634393 0.739725
v -0.241363 0.555570 0.795667
v -0.256008 0.471397 0.843946
v -0.268188 0.382683 0.884097
v -0.277785 0.290285 0.915735
v -0.284707 0.195090 0.938553
v -0.288887 0.098017 0.952332
v -0.290285 0.000000 0.956940
v -0.288887 -0.098017 0.952332
v -0.284707 -0.195090 0.938553
v -0.277785 -0.290285 0.915735
v -0.268188 -0.382683 0.884097
v -0.256008 -0.471397 0.843946
v -0.241363 -0.555570 0.795667
v -0.224393 -0.634393 0.739725
v -0.205262 -0.707107 0.676659
v -0.184155 -0.773010 0.607076
v -0.161274 -0.831470 0.531648
v -0.136839 -0.881921 0.451098
v -0.111087 -0.923880 0.366205
v -0.084265 -0.956940 0.277785
v -0.056632 -0.980785 0.186690
v -0.028453 -0.995185 0.093797
v -0.037510 0.995185 0.090556
v -0.074658 0.980785 0.180240
v -0.111087 0.956940 0.268188
v -0.146447 0.923880 0.353553
v -0.180396 0.881921 0.435514
v -0.212608 0.831470 0.513280
v -0.242772 0.773010 0.586103
v -0.270598 0.707107 0.653281
v -0.295818 0.634393 0.714168
v -0.318190 0.555570 0.768178
v -0.337497 0.471397 0.814789
v -0.353553 0.382683 0.853553
v -0.366205 0.290285 0.884097
v -0.375330 0.195090 0.906127
v -0.380841 0.098017 0.919430
v -0.382684 0.000000 0.923879
v -0.380841 -0.098017 0.919430
v -0.375330 -0.195090 0.906127
v -0.366205 -0.290285 0.884097
v -0.353553 -0.382683 0.853553
v -0.337497 -0.471397 0.814789
v -0.318190 -0.555570 0.768178
v -0.295818 -0.634393 0.714168
v -0.270598 -0.707107 0.653281
v -0.242772 -0.773010 0.586103
v -0.212608 -0.831470 0.513280
v -0.180396 -0.881921 0.435514
v -0.146447 -0.923880 0.353553
v -0.111087 -0.956940 0.268188
v -0.074658 -0.980785 0.180240
v -0.037510 -0.995185 0.090556
v -0.046205 0.995185 0.086443
v -0.091965 0.980785 0.172054
v -0.136839 0.956940 0.256008
v -0.180396 0.923880 0.337496
v -0.222215 0.881921 0.415735
v -0.261894 0.831470 0.489970
v -0.299051 0.773010 0.559485
v -0.333328 0.707107 0.623612
v -0.364394 0.634393 0.681734
v -0.391952 0.555570 0.733291
v -0.415735 0.471397 0.777785
v -0.435514 0.382683 0.814789
v -0.451099 0.290285 0.843946
v -0.462339 0.195090 0.864975
v -0.469127 0.098017 0.877674
v -0.471397 0.000000 0.881921
v -0.469127 -0.098017 0.877674
v -0.462339 -0.195090 0.864975
v -0.451099 -0.290285 0.843946
v -0.435514 -0.382683 0.814789
v -0.415735 -0.471397 0.777785
v -0.391952 -0.555570 0.733291
v -0.364394 -0.634393 0.681734
v -0.333328 -0.707107 0.623612
v -0.299051 -0.773010 0.559485
v -0.261894 -0.831470 0.489970
v -0.222215 -0.881921 0.415735
v -0.180396 -0.923880 0.337496
v -0.136839 -0.956940 0.256008
v -0.091965 -0.980785 0.172054
v -0.046205 -0.995185 0.086443
v -0.054455 0.995185 0.081498
v -0.108386 0.980785 0.162212
v -0.161274 0.956940 0.241363
v -0.212607 0.923880 0.318189
v -0.261894 0.881921 0.391952
v -0.308658 0.831470 0.461940
v -0.352450 0.773010 0.527479
v -0.392848 0.707107 0.587938
v -0.429461 0.634393 0.642735
v -0.461940 0.555570 0.691342
v -0.489969 0.471397 0.733290
v -0.513280 0.382683 0.768177
v -0.531648 0.290285 0.795667
v -0.544895 0.195090 0.815493
v -0.552895 0.098017 0.827466
v -0.555570 0.000000 0.831469
v -0.552895 -0.098017 0.827466
v -0.544895 -0.195090 0.815493
v -0.531648 -0.290285 0.795667
v -0.513280 -0.382683 0.768177
v -0.489969 -0.471397 0.733290
v -0.461940 -0.555570 0.691342
v -0.429461 -0.634393 0.642735
v -0.392848 -0.707107 0.587938
v -0.352450 -0.773010 0.527479
v -0.308658 -0.831470 0.461940
v -0.261894 -0.881921 0.391952
v -0.212607 -0.923880 0.318189
v -0.161274 -0.956940 0.241363
v -0.108386 -0.980785 0.162212
v -0.054455 -0.995185 0.081498
v -0.062181 0.995185 0.075768
v -0.123764 0.980785 0.150807
v -0.184155 0.956940 0.224393
v -0.242772 0.923880 0.295818
v -0.299051 0.881921 0.364394
v -0.352450 0.831470 0.429462
v -0.402455 0.773010 0.490393
v -0.448584 0.707107 0.546601
v -0.490392 0.634393 0.597545
v -0.527479 0.555570 0.642735
v -0.559485 0.471397 0.681734
v -0.586103 0.382683 0.714168
v -0.607077 0.290285 0.739725
v -0.622204 0.195090 0.758157
v -0.631338 0.098017 0.769288
v -0.634393 0.000000 0.773010
v -0.631338 -0.098017 0.769288
v -0.622204 -0.195090 0.758157
v -0.607077 -0.290285 0.739725
v -0.586103 -0.382683 0.714168
v -0.559485 -0.471397 0.681734
v -0.527479 -0.555570 0.642735
v -0.490392 -0.634393 0.597545
v -0.448584 -0.707107 0.546601
v -0.402455 -0.773010 0.490393
v -0.352450 -0.831470 0.429462
v -0.299051 -0.881921 0.364394
v -0.242772 -0.923880 0.295818
v -0.184155 -0.956940 0.224393
v -0.123764 -0.980785 0.150807
v -0.062181 -0.995185 0.075768
v 0.000000 -1.000000 0.000000
v -0.069309 0.995185 0.069309
v -0.137950 0.980785 0.137950
v -0.205262 0.956940 0.205262
v -0.270598 0.923880 0.270598
v -0.333328 0.881921 0.333328
v -0.392848 0.831470 0.392848
v -0.448584 0.773010 0.448584
v -0.500000 0.707107 0.500000
v -0.546601 0.634393 0.546601
v -0.587938 0.555570 0.587938
v -0.623612 0.471397 0.623612
v -0.653281 0.382683 0.653281
v -0.676659 0.290285 0.676659
v -0.693520 0.195090 0.693520
v -0.703702 0.098017 0.703702
v -0.707107 0.000000 0.707106
v -0.703702 -0.098017 0.703702
v -0.693520 -0.195090 0.693520
v -0.676659 -0.290285 0.676659
v -0.653281 -0.382683 0.653281
v -0.623612 -0.471397 0.623612
v -0.587938 -0.555570 0.587938
v -0.546601 -0.634393 0.546601
v -0.500000 -0.707107 0.500000
v -0.448584 -0.773010 0.448584
v -0.392848 -0.831470 0.392848
v -0.333328 -0.881921 0.333328
v -0.270598 -0.923880 0.270598
v -0.205262 -0.956940 0.205262
v -0.137950 -0.980785 0.137950
v -0.069309 -0.995185 0.069309
v -0.075768 0.995185 0.062181
v -0.150807 0.980785 0.123764
v -0.224393 0.956940 0.184155
v -0.295818 0.923880 0.242772
v -0.364394 0.881921 0.299051
v -0.429462 0.831470 0.352450
v -0.490393 0.773010 0.402455
v -0.546601 0.707107 0.448584
v -0.597545 0.634393 0.490393
v -0.642735 0.555570 0.527479
v -0.681734 0.471397 0.559485
v -0.714168 0.382683 0.586103
v -0.739725 0.290285 0.607076
v -0.758157 0.195090 0.622203
v -0.769288 0.098017 0.631338
v -0.773010 0.000000 0.634393
v -0.769288 -0.098017 0.631338
v -0.758157 -0.195090 0.622203
v -0.739725 -0.290285 0.607076
v -0.714168 -0.382683 0.586103
v -0.681734 -0.471397 0.559485
v -0.642735 -0.555570 0.527479
v -0.597545 -0.634393 0.490393
v -0.546601 -0.707107 0.448584
v -0.490393 -0.773010 0.402455
v -0.429462 -0.831470 0.352450
v -0.364394 -0.881921 0.299051
v -0.295818 -0.923880 0.242772
v -0.224393 -0.956940 0.184155
v -0.150807 -0.980785 0.123764
v -0.075768 -0.995185 0.062181
v -0.081498 0.995185 0.054455
v -0.162212 0.980785 0.108386
v -0.241363 0.956940 0.161274
v -0.318189 0.923880 0.212607
v -0.391952 0.881921 0.261894
v -0.461940 0.831470 0.308659
v -0.527479 0.773010 0.352450
v -0.587938 0.707107 0.392847
v -0.642734 0.634393 0.429462
v -0.691342 0.555570 0.461940
v -0.733290 0.471397 0.489969
v -0.768177 0.382683 0.513280
v -0.795667 0.290285 0.531647
v -0.815493 0.195090 0.544895
v -0.827466 0.098017 0.552895
v -0.831470 0.000000 0.555570
v -0.827466 -0.098017 0.552895
v -0.815493 -0.195090 0.544895
v -0.795667 -0.290285 0.531647
v -0.768177 -0.382683 0.513280
v -0.733290 -0.471397 0.489969
v -0.691342 -0.555570 0.461940
v -0.642734 -0.634393 0.429462
v -0.587938 -0.707107 0.392847
v -0.527479 -0.773010 0.352450
v -0.461940 -0.831470 0.308659
v -0.391952 -0.881921 0.261894
v -0.318189 -0.923880 0.212607
v -0.241363 -0.956940 0.161274
v -0.162212 -0.980785 0.108386
v -0.081498 -0.995185 0.054455
v -0.086443 0.995185 0.046205
v -0.172054 0.980785 0.091965
v -0.256008 0.956940 0.136839
v -0.337496 0.923880 0.180396
v -0.415735 0.881921 0.222215
v -0.489969 0.831470 0.261894
v -0.559485 0.773010 0.299051
v -0.623612 0.707107 0.333328
v -0.681734 0.634393 0.364395
v -0.733291 0.555570 0.391952
v -0.777785 0.471397 0.415735
v -0.814789 0.382683 0.435513
v -0.843946 0.290285 0.451098
v -0.864975 0.195090 0.462339
v -0.877674 0.098017 0.469127
v -0.881921 0.000000 0.471396
v -0.877674 -0.098017 0.469127
v -0.864975 -0.195090 0.462339
v -0.843946 -0.290285 0.451098
v -0.814789 -0.382683 0.435513
v -0.777785 -0.471397 0.415735
v -0.733291 -0.555570 0.391952
v -0.681734 -0.634393 0.364395
v -0.623612 -0.707107 0.333328
v -0.559485 -0.773010 0.299051
v -0.489969 -0.831470 0.261894
v -0.415735 -0.881921 0.222215
v -0.337496 -0.923880 0.180396
v -0.256008 -0.956940 0.136839
v -0.172054 -0.980785 0.091965
v -0.086443 -0.995185 0.046205
v -0.090556 0.995185 0.037509
v -0.180240 0.980785 0.074658
v -0.268188 0.956940 0.111087
v -0.353553 0.923880 0.146446
v -0.435514 0.881921 0.180396
v -0.513280 0.831470 0.212608
v -0.586103 0.773010 0.242772
v -0.653281 0.707107 0.270598
v -0.714168 0.634393 0.295818
v -0.768178 0.555570 0.318190
v -0.814789 0.471397 0.337496
v -0.853553 0.382683 0.353553
v -0.884098 0.290285 0.366205
v -0.906127 0.195090 0.375330
v -0.919431 0.098017 0.380840
v -0.923879 0.000000 0.382683
v -0.919431 -0.098017 0.380840
v -0.906127 -0.195090 0.375330
v -0.884098 -0.290285 0.366205
v -0.853553 -0.382683 0.353553
v -0.814789 -0.471397 0.337496
v -0.768178 -0.555570 0.318190
v -0.714168 -0.634393 0.295818
v -0.653281 -0.707107 0.270598
v -0.586103 -0.773010 0.242772
v -0.513280 -0.831470 0.212608
v -0.435514 -0.881921 0.180396
v -0.353553 -0.923880 0.146446
v -0.268188 -0.956940 0.111087
v -0.180240 -0.980785 0.074658
v -0.090556 -0.995185 0.037509
v -0.093796 0.995185 0.028453
v -0.186690 0.980785 0.056632
v -0.277785 0.956940 0.084265
v -0.366205 0.923880 0.111087
v -0.451098 0.881921 0.136839
v -0.531648 0.831470 0.161274
v -0.607076 0.773010 0.184155
v -0.676659 0.707107 0.205262
v -0.739725 0.634393 0.224393
v -0.795667 0.555570 0.241363
v -0.843946 0.471397 0.256008
v -0.884097 0.382683 0.268188
v -0.915735 0.290285 0.277785
v -0.938553 0.195090 0.284707
v -0.952332 0.098017 0.288887
v -0.956940 0.000000 0.290284
v -0.952332 -0.098017 0.288887
v -0.938553 -0.195090 0.284707
v -0.915735 -0.290285 0.277785
v -0.884097 -0.382683 0.268188
v -0.843946 -0.471397 0.256008
v -0.795667 -0.555570 0.241363
v -0.739725 -0.634393 0.224393
v -0.676659 -0.707107 0.205262
v -0.607076 -0.773010 0.184155
v -0.531648 -0.831470 0.161274
v -0.451098 -0.881921 0.136839
v -0.366205 -0.923880 0.111087
v -0.277785 -0.956940 0.084265
v -0.186690 -0.980785 0.056632
v -0.093796 -0.995185 0.028453
v -0.096134 0.995185 0.019122
v -0.191342 0.980785 0.038060
v -0.284707 0.956940 0.056632
v -0.375330 0.923880 0.074658
v -0.462339 0.881921 0.091965
v -0.544895 0.831470 0.108386
v -0.622204 0.773010 0.123764
v -0.693520 0.707107 0.137949
v -0.758157 0.634393 0.150807
v -0.815493 0.555570 0.162212
v -0.864975 0.471397 0.172054
v -0.906127 0.382683 0.180240
v -0.938553 0.290285 0.186690
v -0.961940 0.195090 0.191342
v -0.976062 0.098017 0.194151
v -0.980785 0.000000 0.195090
v -0.976062 -0.098017 0.194151
v -0.961940 -0.195090 0.191342
v -0.938553 -0.290285 0.186690
v -0.906127 -0.382683 0.180240
v -0.864975 -0.471397 0.172054
v -0.815493 -0.555570 0.162212
v -0.758157 -0.634393 0.150807
v -0.693520 -0.707107 0.137949
v -0.622204 -0.773010 0.123764
v -0.544895 -0.831470 0.108386
v -0.462339 -0.881921 0.091965
v -0.375330 -0.923880 0.074658
v -0.284707 -0.956940 0.056632
v -0.191342 -0.980785 0.038060
v -0.096134 -0.995185 0.019122
v -0.097545 0.995185 0.009607
v -0.194151 0.980785 0.019122
v -0.288887 0.956940 0.028453
v -0.380840 0.923880 0.037509
v -0.469127 0.881921 0.046205
v -0.552895 0.831470 0.054455
v -0.631338 0.773010 0.062181
v -0.703702 0.707107 0.069308
v -0.769288 0.634393 0.075768
v -0.827466 0.555570 0.081498
v -0.877674 0.471397 0.086443
v -0.919430 0.382683 0.090556
v -0.952332 0.290285 0.093796
v -0.976062 0.195090 0.096134
v -0.990392 0.098017 0.097545
v -0.995184 0.000000 0.098017
v -0.990392 -0.098017 0.097545
v -0.976062 -0.195090 0.096134
v -0.952332 -0.290285 0.093796
v -0.919430 -0.382683 0.090556
v -0.877674 -0.471397 0.086443
v -0.827466 -0.555570 0.081498
v -0.769288 -0.634393 0.075768
v -0.703702 -0.707107 0.069308
v -0.631338 -0.773010 0.062181
v -0.552895 -0.831470 0.054455
v -0.469127 -0.881921 0.046205
v -0.380840 -0.923880 0.037509
v -0.288887 -0.956940 0.028453
v -0.194151 -0.980785 0.019122
v -0.097545 -0.995185 0.009607
v -0.098017 0.995185 -0.000000
v -0.195090 0.980785 0.000000
v -0.290285 0.956940 -0.000000
v -0.382683 0.923880 -0.000000
v -0.471396 0.881921 -0.000000
v -0.555571 0.831470 0.000000
v -0.634393 0.773010 0.000000
v -0.707107 0.707107 -0.000000
v -0.773010 0.634393 0.000000
v -0.831470 0.555570 0.000000
v -0.881921 0.471397 -0.000000
v -0.923879 0.382683 -0.000000
v -0.956940 0.290285 -0.000000
v -0.980785 0.195090 -0.000000
v -0.995184 0.098017 -0.000000
v -1.000000 0.000000 -0.000000
v -0.995184 -0.098017 -0.000000
v -0.980785 -0.195090 -0.000000
v -0.956940 -0.290285 -0.000000
v -0.923879 -0.382683 -0.000000
v -0.881921 -0.471397 -0.000000
v -0.831470 -0.555570 0.000000
v -0.773010 -0.634393 0.000000
v -0.707107 -0.707107 -0.000000
v -0.634393 -0.773010 0.000000
v -0.555571 -0.831470 0.000000
v -0.471396 -0.881921 -0.000000
v -0.382683 -0.923880 -0.000000
v -0.290285 -0.956940 -0.000000
v -0.195090 -0.980785 0.000000
v -0.098017 -0.995185 -0.000000
v -0.097545 0.995185 -0.009607
v -0.194151 0.980785 -0.019122
v -0.288887 0.956940 -0.028453
v -0.380840 0.923880 -0.037510
v -0.469127 0.881921 -0.046205
v -0.552895 0.831470 -0.054455
v -0.631338 0.773010 -0.062181
v -0.703702 0.707107 -0.069309
v -0.769288 0.634393 -0.075768
v -0.827466 0.555570 -0.081498
v -0.877674 0.471397 -0.086443
v -0.919430 0.382683 -0.090556
v -0.952332 0.290285 -0.093797
v -0.976062 0.195090 -0.096134
v -0.990392 0.098017 -0.097545
v -0.995184 0.000000 -0.098017
v -0.990392 -0.098017 -0.097545
v -0.976062 -0.195090 -0.096134
v -0.952332 -0.290285 -0.093797
v -0.919430 -0.382683 -0.090556
v -0.877674 -0.471397 -0.086443
v -0.827466 -0.555570 -0.081498
v -0.769288 -0.634393 -0.075768
v -0.703702 -0.707107 -0.069309
v -0.631338 -0.773010 -0.062181
v -0.552895 -0.831470 -0.054455
v -0.469127 -0.881921 -0.046205
v -0.380840 -0.923880 -0.037510
v -0.288887 -0.956940 -0.028453
v -0.194151 -0.980785 -0.019122
v -0.097545 -0.995185 -0.009607
v -0.096134 0.995185 -0.019122
v -0.191342 0.980785 -0.038060
v -0.284707 0.956940 -0.056632
v -0.375330 0.923880 -0.074658
v -0.462339 0.881921 -0.091965
v -0.544896 0.831470 -0.108386
v -0.622204 0.773010 -0.123764
v -0.693520 0.707107 -0.137950
v -0.758157 0.634393 -0.150807
v -0.815493 0.555570 -0.162212
v -0.864975 0.471397 -0.172054
v -0.906127 0.382683 -0.180240
v -0.938553 0.290285 -0.186690
v -0.961940 0.195090 -0.191342
v -0.976062 0.098017 -0.194151
v -0.980785 0.000000 -0.195091
v -0.976062 -0.098017 -0.194151
v -0.961940 -0.195090 -0.191342
v -0.938553 -0.290285 -0.186690
v -0.906127 -0.382683 -0.180240
v -0.864975 -0.471397 -0.172054
v -0.815493 -0.555570 -0.162212
v -0.758157 -0.634393 -0.150807
v -0.693520 -0.707107 -0.137950
v -0.622204 -0.773010 -0.123764
v -0.544896 -0.831470 -0.108386
v -0.462339 -0.881921 -0.091965
v -0.375330 -0.923880 -0.074658
v -0.284707 -0.956940 -0.056632
v -0.191342 -0.980785 -0.038060
v -0.096134 -0.995185 -0.019122
v -0.093796 0.995185 -0.028453
v -0.186690 0.980785 -0.056632
v -0.277785 0.956940 -0.084265
v -0.366205 0.923880 -0.111087
v -0.451098 0.881921 -0.136839
v -0.531648 0.831470 -0.161274
v -0.607076 0.773010 -0.184155
v -0.676659 0.707107 -0.205262
v -0.739725 0.634393 -0.224393
v -0.795667 0.555570 -0.241363
v -0.843946 0.471397 -0.256008
v -0.884097 0.382683 -0.268188
v -0.915735 0.290285 -0.277785
v -0.938553 0.195090 -0.284707
v -0.952332 0.098017 -0.288887
v -0.956940 0.000000 -0.290285
v -0.952332 -0.098017 -0.288887
v -0.938553 -0.195090 -0.284707
v -0.915735 -0.290285 -0.277785
v -0.884097 -0.382683 -0.268188
v -0.843946 -0.471397 -0.256008
v -0.795667 -0.555570 -0.241363
v -0.739725 -0.634393 -0.224393
v -0.676659 -0.707107 -0.205262
v -0.607076 -0.773010 -0.184155
v -0.531648 -0.831470 -0.161274
v -0.451098 -0.881921 -0.136839
v -0.366205 -0.923880 -0.111087
v -0.277785 -0.956940 -0.084265
v -0.186690 -0.980785 -0.056632
v -0.093796 -0.995185 -0.028453
v -0.090556 0.995185 -0.037510
v -0.180240 0.980785 -0.074658
v -0.268188 0.956940 -0.111087
v -0.353553 0.923880 -0.146446
v -0.435514 0.881921 -0.180396
v -0.513280 0.831470 -0.212608
v -0.586103 0.773010 -0.242772
v -0.653281 0.707107 -0.270598
v -0.714168 0.634393 -0.295818
v -0.768178 0.555570 -0.318190
v -0.814789 0.471397 -0.337497
v -0.853553 0.382683 -0.353553
v -0.884098 0.290285 -0.366205
v -0.906127 0.195090 -0.375330
v -0.919430 0.098017 -0.380841
v -0.923879 0.000000 -0.382684
v -0.919430 -0.098017 -0.380841
v -0.906127 -0.195090 -0.375330
v -0.884098 -0.290285 -0.366205
v -0.853553 -0.382683 -0.353553
v -0.814789 -0.471397 -0.337497
v -0.768178 -0.555570 -0.318190
v -0.714168 -0.634393 -0.295818
v -0.653281 -0.707107 -0.270598
v -0.586103 -0.773010 -0.242772
v -0.513280 -0.831470 -0.212608
v -0.435514 -0.881921 -0.180396
v -0.353553 -0.923880 -0.146446
v -0.268188 -0.956940 -0.111087
v -0.180240 -0.980785 -0.074658
v -0.090556 -0.995185 -0.037510
v -0.086443 0.995185 -0.046205
v -0.172054 0.980785 -0.091965
v -0.256008 0.956940 -0.136839
v -0.337496 0.923880 -0.180396
v -0.415735 0.881921 -0.222215
v -0.489970 0.831470 -0.261894
v -0.559485 0.773010 -0.299051
v -0.623612 0.707107 -0.333328
v -0.681734 0.634393 -0.364394
v -0.733291 0.555570 -0.391952
v -0.777785 0.471397 -0.415735
v -0.814788 0.382683 -0.435514
v -0.843946 0.290285 -0.451099
v -0.864975 0.195090 -0.462339
v -0.877674 0.098017 -0.469127
v -0.881921 0.000000 -0.471397
v -0.877674 -0.098017 -0.469127
v -0.864975 -0.195090 -0.462339
v -0.843946 -0.290285 -0.451099
v -0.814788 -0.382683 -0.435514
v -0.777785 -0.471397 -0.415735
v -0.733291 -0.555570 -0.391952
v -0.681734 -0.634393 -0.364394
v -0.623612 -0.707107 -0.333328
v -0.559485 -0.773010 -0.299051
v -0.489970 -0.831470 -0.261894
v -0.415735 -0.881921 -0.222215
v -0.337496 -0.923880 -0.180396
v -0.256008 -0.956940 -0.136839
v -0.172054 -0.980785 -0.091965
v -0.086443 -0.995185 -0.046205
v -0.081498 0.995185 -0.054455
v -0.162212 0.980785 -0.108386
v -0.241363 0.956940 -0.161274
v -0.318189 0.923880 -0.212607
v -0.391952 0.881921 -0.261894
v -0.461940 0.831470 -0.308659
v -0.527479 0.773010 -0.352450
v -0.587938 0.707107 -0.392847
v -0.642735 0.634393 -0.429461
v -0.691342 0.555570 -0.461940
v -0.733290 0.471397 -0.489969
v -0.768177 0.382683 -0.513280
v -0.795667 0.290285 -0.531648
v -0.815493 0.195090 -0.544895
v -0.827465 0.098017 -0.552895
v -0.831469 0.000000 -0.555570
v -0.827465 -0.098017 -0.552895
v -0.815493 -0.195090 -0.544895
v -0.795667 -0.290285 -0.531648
v -0.768177 -0.382683 -0.513280
v -0.733290 -0.471397 -0.489969
v -0.691342 -0.555570 -0.461940
v -0.642735 -0.634393 -0.429461
v -0.587938 -0.707107 -0.392847
v -0.527479 -0.773010 -0.352450
v -0.461940 -0.831470 -0.308659
v -0.391952 -0.881921 -0.261894
v -0.318189 -0.923880 -0.212607
v -0.241363 -0.956940 -0.161274
v -0.162212 -0.980785 -0.108386
v -0.081498 -0.995185 -0.054455
v -0.075768 0.995185 -0.062181
v -0.150807 0.980785 -0.123764
v -0.224393 0.956940 -0.184155
v -0.295818 0.923880 -0.242772
v -0.364394 0.881921 -0.299051
v -0.429462 0.831470 -0.352450
v -0.490393 0.773010 -0.402455
v -0.546601 0.707107 -0.448584
v -0.597545 0.634393 -0.490392
v -0.642735 0.555570 -0.527479
v -0.681734 0.471397 -0.559485
v -0.714168 0.382683 -0.586103
v -0.739725 0.290285 -0.607077
v -0.758157 0.195090 -0.622204
v -0.769288 0.098017 -0.631338
v -0.773010 0.000000 -0.634393
v -0.769288 -0.098017 -0.631338
v -0.758157 -0.195090 -0.622204
v -0.739725 -0.290285 -0.607077
v -0.714168 -0.382683 -0.586103
v -0.681734 -0.471397 -0.559485
v -0.642735 -0.555570 -0.527479
v -0.597545 -0.634393 -0.490392
v -0.546601 -0.707107 -0.448584
v -0.490393 -0.773010 -0.402455
v -0.429462 -0.831470 -0.352450
v -0.364394 -0.881921 -0.299051
v -0.295818 -0.923880 -0.242772
v -0.224393 -0.956940 -0.184155
v -0.150807 -0.980785 -0.123764
v -0.075768 -0.995185 -0.062181
v -0.069309 0.995185 -0.069309
v -0.137950 0.980785 -0.137950
v -0.205262 0.956940 -0.205262
v -0.270598 0.923880 -0.270598
v -0.333328 0.881921 -0.333328
v -0.392848 0.831470 -0.392848
v -0.448584 0.773010 -0.448584
v -0.500000 0.707107 -0.500000
v -0.546601 0.634393 -0.546601
v -0.587938 0.555570 -0.587938
v -0.623612 0.471397 -0.623612
v -0.653281 0.382683 -0.653281
v -0.676659 0.290285 -0.676659
v -0.693520 0.195090 -0.693520
v -0.703702 0.098017 -0.703702
v -0.707106 0.000000 -0.707107
v -0.703702 -0.098017 -0.703702
v -0.693520 -0.195090 -0.693520
v -0.676659 -0.290285 -0.676659
v -0.653281 -0.382683 -0.653281
v -0.623612 -0.471397 -0.623612
v -0.587938 -0.555570 -0.587938
v -0.546601 -0.634393 -0.546601
v -0.500000 -0.707107 -0.500000
v -0.448584 -0.773010 -0.448584
v -0.392848 -0.831470 -0.392848
v -0.333328 -0.881921 -0.333328
v -0.270598 -0.923880 -0.270598
v -0.205262 -0.956940 -0.205262
v -0.137950 -0.980785 -0.137950
v -0.069309 -0.995185 -0.069309
v -0.062181 0.995185 -0.075768
v -0.123764 0.980785 -0.150807
v -0.184155 0.956940 -0.224393
v -0.242772 0.923880 -0.295818
v -0.299051 0.881921 -0.364394
v -0.352450 0.831470 -0.429462
v -0.402455 0.773010 -0.490393
v -0.448584 0.707107 -0.546601
v -0.490393 0.634393 -0.597545
v -0.527479 0.555570 -0.642735
v -0.559485 0.471397 -0.681734
v -0.586102 0.382683 -0.714168
v -0.607076 0.290285 -0.739725
v -0.622203 0.195090 -0.758157
v -0.631338 0.098017 -0.769288
v -0.634393 0.000000 -0.773010
v -0.631338 -0.098017 -0.769288
v -0.622203 -0.195090 -0.758157
v -0.607076 -0.290285 -0.739725
v -0.586102 -0.382683 -0.714168
v -0.559485 -0.471397 -0.681734
v -0.527479 -0.555570 -0.642735
v -0.490393 -0.634393 -0.597545
v -0.448584 -0.707107 -0.546601
v -0.402455 -0.773010 -0.490393
v -0.352450 -0.831470 -0.429462
v -0.299051 -0.881921 -0.364394
v -0.242772 -0.923880 -0.295818
v -0.184155 -0.956940 -0.224393
v -0.123764 -0.980785 -0.150807
v -0.062181 -0.995185 -0.075768
v -0.054455 0.995185 -0.081498
v -0.108386 0.980785 -0.162212
v -0.161274 0.956940 -0.241363
v -0.212607 0.923880 -0.318189
v -0.261894 0.881921 -0.391952
v -0.308659 0.831470 -0.461940
v -0.352450 0.773010 -0.527479
v -0.392847 0.707107 -0.587938
v -0.429461 0.634393 -0.642734
v -0.461940 0.555570 -0.691342
v -0.489969 0.471397 -0.733290
v -0.513280 0.382683 -0.768177
v -0.531647 0.290285 -0.795667
v -0.544895 0.195090 -0.815493
v -0.552895 0.098017 -0.827466
v -0.555570 0.000000 -0.831469
v -0.552895 -0.098017 -0.827466
v -0.544895 -0.195090 -0.815493
v -0.531647 -0.290285 -0.795667
v -0.513280 -0.382683 -0.768177
v -0.489969 -0.471397 -0.733290
v -0.461940 -0.555570 -0.691342
v -0.429461 -0.634393 -0.642734
v -0.392847 -0.707107 -0.587938
v -0.352450 -0.773010 -0.527479
v -0.308659 -0.831470 -0.461940
v -0.261894 -0.881921 -0.391952
v -0.212607 -0.923880 -0.318189
v -0.161274 -0.956940 -0.241363
v -0.108386 -0.980785 -0.162212
v -0.054455 -0.995185 -0.081498
v -0.046205 0.995185 -0.086443
v -0.091965 0.980785 -0.172054
v -0.136839 0.956940 -0.256008
v -0.180396 0.923880 -0.337496
v -0.222215 0.881921 -0.415735
v -0.261894 0.831470 -0.489970
v -0.299051 0.773010 -0.559485
v -0.333328 0.707107 -0.623612
v -0.364395 0.634393 -0.681734
v -0.391952 0.555570 -0.733291
v -0.415735 0.471397 -0.777785
v -0.435513 0.382683 -0.814789
v -0.451098 0.290285 -0.843946
v -0.462339 0.195090 -0.864975
v -0.469127 0.098017 -0.877674
v -0.471396 0.000000 -0.881921
v -0.469127 -0.098017 -0.877674
v -0.462339 -0.195090 -0.864975
v -0.451098 -0.290285 -0.843946
v -0.435513 -0.382683 -0.814789
v -0.415735 -0.471397 -0.777785
v -0.391952 -0.555570 -0.733291
v -0.364395 -0.634393 -0.681734
v -0.333328 -0.707107 -0.623612
v -0.299051 -0.773010 -0.559485
v -0.261894 -0.831470 -0.489970
v -0.222215 -0.881921 -0.415735
v -0.180396 -0.923880 -0.337496
v -0.136839 -0.956940 -0.256008
v -0.091965 -0.980785 -0.172054
v -0.046205 -0.995185 -0.086443
v -0.037509 0.995185 -0.090556
v -0.074658 0.980785 -0.180240
v -0.111087 0.956940 -0.268188
v -0.146446 0.923880 -0.353553
v -0.180396 0.881921 -0.435514
v -0.212608 0.831470 -0.513280
v -0.242772 0.773010 -0.586103
v -0.270598 0.707107 -0.653281
v -0.295818 0.634393 -0.714168
v -0.318190 0.555570 -0.768178
v -0.337496 0.471397 -0.814789
v -0.353553 0.382683 -0.853553
v -0.366205 0.290285 -0.884098
v -0.375330 0.195090 -0.906127
v -0.380840 0.098017 -0.919430
v -0.382683 0.000000 -0.923879
v -0.380840 -0.098017 -0.919430
v -0.375330 -0.195090 -0.906127
v -0.366205 -0.290285 -0.884098
v -0.353553 -0.382683 -0.853553
v -0.337496 -0.471397 -0.814789
v -0.318190 -0.555570 -0.768178
v -0.295818 -0.634393 -0.714168
v -0.270598 -0.707107 -0.653281
v -0.242772 -0.773010 -0.586103
v -0.212608 -0.831470 -0.513280
v -0.180396 -0.881921 -0.435514
v -0.146446 -0.923880 -0.353553
v -0.111087 -0.956940 -0.268188
v -0.074658 -0.980785 -0.180240
v -0.037509 -0.995185 -0.090556
v -0.028453 0.995185 -0.093796
v -0.056632 0.980785 -0.186690
v -0.084265 0.956940 -0.277785
v -0.111087 0.923880 -0.366205
v -0.136839 0.881921 -0.451098
v -0.161274 0.831470 -0.531648
v -0.184155 0.773010 -0.607076
v -0.205262 0.707107 -0.676659
v -0.224393 0.634393 -0.739724
v -0.241363 0.555570 -0.795667
v -0.256008 0.471397 -0.843946
v -0.268188 0.382683 -0.884097
v -0.277785 0.290285 -0.915735
v -0.284707 0.195090 -0.938553
v -0.288887 0.098017 -0.952332
v -0.290284 0.000000 -0.956940
v -0.288887 -0.098017 -0.952332
v -0.284707 -0.195090 -0.938553
v -0.277785 -0.290285 -0.915735
v -0.268188 -0.382683 -0.884097
v -0.256008 -0.471397 -0.843946
v -0.241363 -0.555570 -0.795667
v -0.224393 -0.634393 -0.739724
v -0.205262 -0.707107 -0.676659
v -0.184155 -0.773010 -0.607076
v -0.161274 -0.831470 -0.531648
v -0.136839 -0.881921 -0.451098
v -0.111087 -0.923880 -0.366205
v -0.084265 -0.956940 -0.277785
v -0.056632 -0.980785 -0.186690
v -0.028453 -0.995185 -0.093796
v -0.019122 0.995185 -0.096134
v -0.038060 0.980785 -0.191342
v -0.056632 0.956940 -0.284707
v -0.074658 0.923880 -0.375330
v -0.091965 0.881921 -0.462339
v -0.108386 0.831470 -0.544896
v -0.123764 0.773010 -0.622204
v -0.137950 0.707107 -0.693520
v -0.150807 0.634393 -0.758157
v -0.162212 0.555570 -0.815493
v -0.172054 0.471397 -0.864975
v -0.180240 0.382683 -0.906127
v -0.186690 0.290285 -0.938553
v -0.191342 0.195090 -0.961940
v -0.194151 0.098017 -0.976062
v -0.195090 0.000000 -0.980785
v -0.194151 -0.098017 -0.976062
v -0.191342 -0.195090 -0.961940
v -0.186690 -0.290285 -0.938553
v -0.180240 -0.382683 -0.906127
v -0.172054 -0.471397 -0.864975
v -0.162212 -0.555570 -0.815493
v -0.150807 -0.634393 -0.758157
v -0.137950 -0.707107 -0.693520
v -0.123764 -0.773010 -0.622204
v -0.108386 -0.831470 -0.544896
v -0.091965 -0.881921 -0.462339
v -0.074658 -0.923880 -0.375330
v -0.056632 -0.956940 -0.284707
v -0.038060 -0.980785 -0.191342
v -0.019122 -0.995185 -0.096134
v -0.009607 0.995185 -0.097545
v -0.019122 0.980785 -0.194151
v -0.028453 0.956940 -0.288887
v -0.037509 0.923880 -0.380840
v -0.046205 0.881921 -0.469127
v -0.054455 0.831470 -0.552896
v -0.062181 0.773010 -0.631338
v -0.069308 0.707107 -0.703702
v -0.075768 0.634393 -0.769288
v -0.081499 0.555570 -0.827466
v -0.086443 0.471397 -0.877674
v -0.090556 0.382683 -0.919430
v -0.093796 0.290285 -0.952332
v -0.096134 0.195090 -0.976062
v -0.097545 0.098017 -0.990392
v -0.098017 0.000000 -0.995184
v -0.097545 -0.098017 -0.990392
v -0.096134 -0.195090 -0.976062
v -0.093796 -0.290285 -0.952332
v -0.090556 -0.382683 -0.919430
v -0.086443 -0.471397 -0.877674
v -0.081499 -0.555570 -0.827466
v -0.075768 -0.634393 -0.769288
v -0.069308 -0.707107 -0.703702
v -0.062181 -0.773010 -0.631338
v -0.054455 -0.831470 -0.552896
v -0.046205 -0.881921 -0.469127
v -0.037509 -0.923880 -0.380840
v -0.028453 -0.956940 -0.288887
v -0.019122 -0.980785 -0.194151
v -0.009607 -0.995185 -0.097545
v 0.000000 0.923880 -0.382683
v -0.000000 0.831470 -0.555571
v -0.000000 0.773010 -0.634393
v 0.000000 0.707107 -0.707106
v -0.000000 0.634393 -0.773010
v -0.000000 0.555570 -0.831470
v 0.000000 0.195090 -0.980785
v 0.000000 -0.195090 -0.980785
v -0.000000 -0.555570 -0.831470
v -0.000000 -0.634393 -0.773010
v 0.000000 -0.707107 -0.707106
v -0.000000 -0.773010 -0.634393
v -0.000000 -0.831470 -0.555571
v 0.000000 -0.881921 -0.471396
v 0.000000 -0.923880 -0.382683
v 0.000000 -0.980785 -0.195090
vn -0.0000 -0.5549 -0.8319
vn -0.0000 -0.4708 -0.8823
vn 0.0865 -0.4708 -0.8780
vn 0.0815 -0.5549 -0.8279
vn -0.0000 0.6336 -0.7736
vn -0.0000 0.7063 -0.7079
vn 0.0694 0.7063 -0.7045
vn 0.0758 0.6336 -0.7699
vn -0.0000 -0.6336 -0.7736
vn 0.0758 -0.6336 -0.7699
vn -0.0000 0.5549 -0.8319
vn 0.0815 0.5549 -0.8279
vn -0.0000 -0.7063 -0.7079
vn 0.0694 -0.7063 -0.7045
vn -0.0000 0.4708 -0.8823
vn 0.0865 0.4708 -0.8780
vn -0.0000 -0.7723 -0.6353
vn 0.0623 -0.7723 -0.6322
vn -0.0000 0.3821 -0.9241
vn 0.0906 0.3821 -0.9197
vn -0.0000 -0.8308 -0.5566
vn 0.0546 -0.8308 -0.5539
vn -0.0000 0.2899 -0.9571
vn 0.0938 0.2899 -0.9525
vn -0.0000 -0.8813 -0.4726
vn 0.0463 -0.8813 -0.4703
vn -0.0000 0.1948 -0.9808
vn 0.0961 0.1948 -0.9761
vn -0.0000 0.9950 -0.0995
vn -0.0000 1.0000 -0.0000
vn 0.0098 0.9950 -0.0991
vn -0.0000 -0.9233 -0.3840
vn 0.0376 -0.9233 -0.3821
vn -0.0000 0.0979 -0.9952
vn 0.0975 0.0979 -0.9904
vn -0.0000 0.9805 -0.1966
vn 0.0193 0.9805 -0.1956
vn -0.0000 -0.9565 -0.2917
vn 0.0286 -0.9565 -0.2903
vn -0.0000 -0.0000 -1.0000
vn 0.0980 -0.0000 -0.9952
vn -0.0000 0.9565 -0.2917
vn 0.0286 0.9565 -0.2903
vn -0.0000 -0.9805 -0.1966
vn 0.0193 -0.9805 -0.1956
vn -0.0000 -0.0979 -0.9952
vn 0.0975 -0.0979 -0.9904
vn -0.0000 0.9233 -0.3840
vn 0.0376 0.9233 -0.3821
vn -0.0000 -0.9950 -0.0995
vn 0.0098 -0.9950 -0.0991
vn -0.0000 -0.1948 -0.9808
vn 0.0961 -0.1948 -0.9761
vn -0.0000 0.8813 -0.4726
vn 0.0463 0.8813 -0.4703
vn -0.0000 -1.0000 -0.0000
vn -0.0000 -0.2899 -0.9571
vn 0.0938 -0.2899 -0.9525
vn -0.0000 0.8308 -0.5566
vn 0.0546 0.8308 -0.5539
vn -0.0000 -0.3821 -0.9241
vn 0.0906 -0.3821 -0.9197
vn -0.0000 0.7723 -0.6353
vn 0.0623 0.7723 -0.6322
vn 0.0569 -0.9565 -0.2861
vn 0.0383 -0.9805 -0.1928
vn 0.1951 -0.0000 -0.9808
vn 0.1942 -0.0979 -0.9761
vn 0.0569 0.9565 -0.2861
vn 0.0749 0.9233 -0.3766
vn 0.0194 -0.9950 -0.0976
vn 0.1914 -0.1948 -0.9620
vn 0.0922 0.8813 -0.4635
vn 0.1867 -0.2899 -0.9387
vn 0.1086 0.8308 -0.5459
vn 0.1803 -0.3821 -0.9063
vn 0.1239 0.7723 -0.6231
vn 0.1721 -0.4708 -0.8653
vn 0.1381 0.7063 -0.6943
vn 0.1623 -0.5549 -0.8160
vn 0.1509 0.6336 -0.7588
vn 0.1509 -0.6336 -0.7588
vn 0.1623 0.5549 -0.8160
vn 0.1381 -0.7063 -0.6943
vn 0.1721 0.4708 -0.8653
vn 0.1239 -0.7723 -0.6231
vn 0.1803 0.3821 -0.9063
vn 0.1086 -0.8308 -0.5459
vn 0.1867 0.2899 -0.9387
vn 0.0922 -0.8813 -0.4635
vn 0.1914 0.1948 -0.9620
vn 0.0194 0.9950 -0.0976
vn 0.0749 -0.9233 -0.3766
vn 0.1942 0.0979 -0.9761
vn 0.0383 0.9805 -0.1928
vn 0.0289 -0.9950 -0.0952
vn 0.2847 -0.1948 -0.9386
vn 0.2778 -0.2899 -0.9159
vn 0.1372 0.8813 -0.4522
vn 0.1616 0.8308 -0.5327
vn 0.2683 -0.3821 -0.8843
vn 0.1844 0.7723 -0.6080
vn 0.2561 -0.4708 -0.8443
vn 0.2055 0.7063 -0.6774
vn 0.2415 -0.5549 -0.7961
vn 0.2246 0.6336 -0.7403
vn 0.2246 -0.6336 -0.7403
vn 0.2415 0.5549 -0.7961
vn 0.2055 -0.7063 -0.6774
vn 0.2561 0.4708 -0.8443
vn 0.1844 -0.7723 -0.6080
vn 0.2683 0.3821 -0.8843
vn 0.1616 -0.8308 -0.5327
vn 0.2778 0.2899 -0.9159
vn 0.1372 -0.8813 -0.4522
vn 0.2847 0.1948 -0.9386
vn 0.0289 0.9950 -0.0952
vn 0.1115 -0.9233 -0.3675
vn 0.2889 0.0979 -0.9523
vn 0.0571 0.9805 -0.1881
vn 0.0847 -0.9565 -0.2791
vn 0.2903 -0.0000 -0.9569
vn 0.0847 0.9565 -0.2791
vn 0.0571 -0.9805 -0.1881
vn 0.2889 -0.0979 -0.9523
vn 0.1115 0.9233 -0.3675
vn 0.3536 -0.3821 -0.8538
vn 0.3376 -0.4708 -0.8151
vn 0.2431 0.7723 -0.5869
vn 0.2709 0.7063 -0.6540
vn 0.3184 -0.5549 -0.7686
vn 0.2961 0.6336 -0.7147
vn 0.2961 -0.6336 -0.7147
vn 0.3184 0.5549 -0.7686
vn 0.2709 -0.7063 -0.6540
vn 0.3376 0.4708 -0.8151
vn 0.2431 -0.7723 -0.5869
vn 0.3536 0.3821 -0.8538
vn 0.2130 -0.8308 -0.5143
vn 0.3663 0.2899 -0.8842
vn 0.1809 -0.8813 -0.4366
vn 0.3754 0.1948 -0.9062
vn 0.0381 0.9950 -0.0920
vn 0.1469 -0.9233 -0.3548
vn 0.3808 0.0979 -0.9194
vn 0.0752 0.9805 -0.1816
vn 0.1116 -0.9565 -0.2695
vn 0.3827 -0.0000 -0.9239
vn 0.1116 0.9565 -0.2695
vn 0.0752 -0.9805 -0.1816
vn 0.3808 -0.0979 -0.9194
vn 0.1469 0.9233 -0.3548
vn 0.0381 -0.9950 -0.0920
vn 0.3754 -0.1948 -0.9062
vn 0.1809 0.8813 -0.4366
vn 0.3663 -0.2899 -0.8842
vn 0.2130 0.8308 -0.5143
vn 0.3922 -0.5549 -0.7337
vn 0.3647 -0.6336 -0.6823
vn 0.3647 0.6336 -0.6823
vn 0.3922 0.5549 -0.7337
vn 0.3337 -0.7063 -0.6243
vn 0.4159 0.4708 -0.7781
vn 0.2995 -0.7723 -0.5603
vn 0.4356 0.3821 -0.8150
vn 0.2624 -0.8308 -0.4909
vn 0.4512 0.2899 -0.8441
vn 0.2228 -0.8813 -0.4168
vn 0.4624 0.1948 -0.8650
vn 0.0469 0.9950 -0.0878
vn 0.1810 -0.9233 -0.3386
vn 0.4691 0.0979 -0.8777
vn 0.0927 0.9805 -0.1734
vn 0.1375 -0.9565 -0.2572
vn 0.4714 -0.0000 -0.8819
vn 0.1375 0.9565 -0.2572
vn 0.0927 -0.9805 -0.1734
vn 0.4691 -0.0979 -0.8777
vn 0.1810 0.9233 -0.3386
vn 0.0469 -0.9950 -0.0878
vn 0.4624 -0.1948 -0.8650
vn 0.2228 0.8813 -0.4168
vn 0.4512 -0.2899 -0.8441
vn 0.2624 0.8308 -0.4909
vn 0.4356 -0.3821 -0.8150
vn 0.2995 0.7723 -0.5603
vn 0.4159 -0.4708 -0.7781
vn 0.3337 0.7063 -0.6243
vn 0.3933 -0.7063 -0.5886
vn 0.3530 -0.7723 -0.5282
vn 0.4902 0.4708 -0.7336
vn 0.5134 0.3821 -0.7684
vn 0.3092 -0.8308 -0.4628
vn 0.5317 0.2899 -0.7958
vn 0.2626 -0.8813 -0.3929
vn 0.5449 0.1948 -0.8155
vn 0.0553 0.9950 -0.0828
vn 0.2133 -0.9233 -0.3193
vn 0.5529 0.0979 -0.8275
vn 0.1092 0.9805 -0.1634
vn 0.1621 -0.9565 -0.2425
vn 0.5556 -0.0000 -0.8315
vn 0.1621 0.9565 -0.2425
vn 0.1092 -0.9805 -0.1634
vn 0.5529 -0.0979 -0.8275
vn 0.2133 0.9233 -0.3193
vn 0.0553 -0.9950 -0.0828
vn 0.5449 -0.1948 -0.8155
vn 0.2626 0.8813 -0.3929
vn 0.5317 -0.2899 -0.7958
vn 0.3092 0.8308 -0.4628
vn 0.5134 -0.3821 -0.7684
vn 0.3530 0.7723 -0.5282
vn 0.4902 -0.4708 -0.7336
vn 0.3933 0.7063 -0.5886
vn 0.4622 -0.5549 -0.6917
vn 0.4298 0.6336 -0.6432
vn 0.4298 -0.6336 -0.6432
vn 0.4622 0.5549 -0.6917
vn 0.3531 -0.8308 -0.4303
vn 0.2998 -0.8813 -0.3653
vn 0.6072 0.2899 -0.7398
vn 0.6222 0.1948 -0.7582
vn 0.0631 0.9950 -0.0769
vn 0.2436 -0.9233 -0.2968
vn 0.6313 0.0979 -0.7693
vn 0.1247 0.9805 -0.1519
vn 0.1850 -0.9565 -0.2255
vn 0.6344 -0.0000 -0.7730
vn 0.1850 0.9565 -0.2255
vn 0.1247 -0.9805 -0.1519
vn 0.6313 -0.0979 -0.7693
vn 0.2436 0.9233 -0.2968
vn 0.0631 -0.9950 -0.0769
vn 0.6222 -0.1948 -0.7582
vn 0.2998 0.8813 -0.3653
vn 0.6072 -0.2899 -0.7398
vn 0.3531 0.8308 -0.4303
vn 0.5862 -0.3821 -0.7143
vn 0.4030 0.7723 -0.4911
vn 0.5597 -0.4708 -0.6820
vn 0.4491 0.7063 -0.5472
vn 0.5278 -0.5549 -0.6431
vn 0.4908 0.6336 -0.5980
vn 0.4908 -0.6336 -0.5980
vn 0.5278 0.5549 -0.6431
vn 0.4491 -0.7063 -0.5472
vn 0.5597 0.4708 -0.6820
vn 0.4030 -0.7723 -0.4911
vn 0.5862 0.3821 -0.7143
vn 0.0704 0.9950 -0.0704
vn 0.1390 0.9805 -0.1390
vn 0.2715 -0.9233 -0.2715
vn 0.2063 -0.9565 -0.2063
vn 0.7037 0.0979 -0.7037
vn 0.7071 -0.0000 -0.7071
vn 0.2063 0.9565 -0.2063
vn 0.1390 -0.9805 -0.1390
vn 0.7037 -0.0979 -0.7037
vn 0.2715 0.9233 -0.2715
vn 0.0704 -0.9950 -0.0704
vn 0.6936 -0.1948 -0.6936
vn 0.3342 0.8813 -0.3342
vn 0.6768 -0.2899 -0.6768
vn 0.3936 0.8308 -0.3936
vn 0.6534 -0.3821 -0.6534
vn 0.4492 0.7723 -0.4492
vn 0.6239 -0.4708 -0.6239
vn 0.5005 0.7063 -0.5005
vn 0.5883 -0.5549 -0.5883
vn 0.5470 0.6336 -0.5470
vn 0.5470 -0.6336 -0.5470
vn 0.5883 0.5549 -0.5883
vn 0.5005 -0.7063 -0.5005
vn 0.6239 0.4708 -0.6239
vn 0.4492 -0.7723 -0.4492
vn 0.6534 0.3821 -0.6534
vn 0.3936 -0.8308 -0.3936
vn 0.6768 0.2899 -0.6768
vn 0.3342 -0.8813 -0.3342
vn 0.6936 0.1948 -0.6936
vn 0.2255 0.9565 -0.1850
vn 0.2968 0.9233 -0.2436
vn 0.1519 -0.9805 -0.1247
vn 0.0769 -0.9950 -0.0631
vn 0.7693 -0.0979 -0.6313
vn 0.7582 -0.1948 -0.6222
vn 0.3653 0.8813 -0.2998
vn 0.7398 -0.2899 -0.6072
vn 0.4303 0.8308 -0.3531
vn 0.7143 -0.3821 -0.5862
vn 0.4911 0.7723 -0.4030
vn 0.6820 -0.4708 -0.5597
vn 0.5472 0.7063 -0.4491
vn 0.6431 -0.5549 -0.5278
vn 0.5980 0.6336 -0.4908
vn 0.5980 -0.6336 -0.4908
vn 0.6431 0.5549 -0.5278
vn 0.5472 -0.7063 -0.4491
vn 0.6820 0.4708 -0.5597
vn 0.4911 -0.7723 -0.4030
vn 0.7143 0.3821 -0.5862
vn 0.4303 -0.8308 -0.3531
vn 0.7398 0.2899 -0.6072
vn 0.3653 -0.8813 -0.2998
vn 0.7582 0.1948 -0.6222
vn 0.0769 0.9950 -0.0631
vn 0.2968 -0.9233 -0.2436
vn 0.7693 0.0979 -0.6313
vn 0.1519 0.9805 -0.1247
vn 0.2255 -0.9565 -0.1850
vn 0.7730 -0.0000 -0.6344
vn 0.3929 0.8813 -0.2626
vn 0.4628 0.8308 -0.3092
vn 0.7958 -0.2899 -0.5317
vn 0.7684 -0.3821 -0.5134
vn 0.5282 0.7723 -0.3530
vn 0.7336 -0.4708 -0.4902
vn 0.5886 0.7063 -0.3933
vn 0.6917 -0.5549 -0.4622
vn 0.6432 0.6336 -0.4298
vn 0.6432 -0.6336 -0.4298
vn 0.6917 0.5549 -0.4622
vn 0.5886 -0.7063 -0.3933
vn 0.7336 0.4708 -0.4902
vn 0.5282 -0.7723 -0.3530
vn 0.7684 0.3821 -0.5134
vn 0.4628 -0.8308 -0.3092
vn 0.7958 0.2899 -0.5317
vn 0.3929 -0.8813 -0.2626
vn 0.8155 0.1948 -0.5449
vn 0.0828 0.9950 -0.0553
vn 0.3193 -0.9233 -0.2133
vn 0.8275 0.0979 -0.5529
vn 0.1634 0.9805 -0.1092
vn 0.2425 -0.9565 -0.1621
vn 0.8315 -0.0000 -0.5556
vn 0.2425 0.9565 -0.1621
vn 0.1634 -0.9805 -0.1092
vn 0.8275 -0.0979 -0.5529
vn 0.3193 0.9233 -0.2133
vn 0.0828 -0.9950 -0.0553
vn 0.8155 -0.1948 -0.5449
vn 0.5603 0.7723 -0.2995
vn 0.6243 0.7063 -0.3337
vn 0.7781 -0.4708 -0.4159
vn 0.7337 -0.5549 -0.3922
vn 0.6823 0.6336 -0.3647
vn 0.6823 -0.6336 -0.3647
vn 0.7337 0.5549 -0.3922
vn 0.6243 -0.7063 -0.3337
vn 0.7781 0.4708 -0.4159
vn 0.5603 -0.7723 -0.2995
vn 0.8150 0.3821 -0.4356
vn 0.4909 -0.8308 -0.2624
vn 0.8441 0.2899 -0.4512
vn 0.4168 -0.8813 -0.2228
vn 0.8650 0.1948 -0.4624
vn 0.0878 0.9950 -0.0469
vn 0.3386 -0.9233 -0.1810
vn 0.8777 0.0979 -0.4691
vn 0.1734 0.9805 -0.0927
vn 0.2572 -0.9565 -0.1375
vn 0.8819 -0.0000 -0.4714
vn 0.2572 0.9565 -0.1375
vn 0.1734 -0.9805 -0.0927
vn 0.8777 -0.0979 -0.4691
vn 0.3386 0.9233 -0.1810
vn 0.0878 -0.9950 -0.0469
vn 0.8650 -0.1948 -0.4624
vn 0.4168 0.8813 -0.2228
vn 0.8441 -0.2899 -0.4512
vn 0.4909 0.8308 -0.2624
vn 0.8150 -0.3821 -0.4356
vn 0.7147 0.6336 -0.2961
vn 0.7686 0.5549 -0.3184
vn 0.7147 -0.6336 -0.2961
vn 0.6540 -0.7063 -0.2709
vn 0.8151 0.4708 -0.3376
vn 0.5869 -0.7723 -0.2431
vn 0.8538 0.3821 -0.3536
vn 0.5143 -0.8308 -0.2130
vn 0.8842 0.2899 -0.3663
vn 0.4366 -0.8813 -0.1809
vn 0.9062 0.1948 -0.3754
vn 0.0920 0.9950 -0.0381
vn 0.3548 -0.9233 -0.1469
vn 0.9194 0.0979 -0.3808
vn 0.1816 0.9805 -0.0752
vn 0.2695 -0.9565 -0.1116
vn 0.9239 -0.0000 -0.3827
vn 0.2695 0.9565 -0.1116
vn 0.1816 -0.9805 -0.0752
vn 0.9194 -0.0979 -0.3808
vn 0.3548 0.9233 -0.1469
vn 0.0920 -0.9950 -0.0381
vn 0.9062 -0.1948 -0.3754
vn 0.4366 0.8813 -0.1809
vn 0.8842 -0.2899 -0.3663
vn 0.5143 0.8308 -0.2130
vn 0.8538 -0.3821 -0.3536
vn 0.5869 0.7723 -0.2431
vn 0.8151 -0.4708 -0.3376
vn 0.6540 0.7063 -0.2709
vn 0.7686 -0.5549 -0.3184
vn 0.8443 0.4708 -0.2561
vn 0.8843 0.3821 -0.2683
vn 0.6080 -0.7723 -0.1844
vn 0.5327 -0.8308 -0.1616
vn 0.9159 0.2899 -0.2778
vn 0.4522 -0.8813 -0.1372
vn 0.9386 0.1948 -0.2847
vn 0.0952 0.9950 -0.0289
vn 0.3675 -0.9233 -0.1115
vn 0.9523 0.0979 -0.2889
vn 0.1881 0.9805 -0.0571
vn 0.2791 -0.9565 -0.0847
vn 0.9569 -0.0000 -0.2903
vn 0.2791 0.9565 -0.0847
vn 0.1881 -0.9805 -0.0571
vn 0.9523 -0.0979 -0.2889
vn 0.3675 0.9233 -0.1115
vn 0.0952 -0.9950 -0.0289
vn 0.9386 -0.1948 -0.2847
vn 0.4522 0.8813 -0.1372
vn 0.9159 -0.2899 -0.2778
vn 0.5327 0.8308 -0.1616
vn 0.8843 -0.3821 -0.2683
vn 0.6080 0.7723 -0.1844
vn 0.8443 -0.4708 -0.2561
vn 0.6774 0.7063 -0.2055
vn 0.7961 -0.5549 -0.2415
vn 0.7403 0.6336 -0.2246
vn 0.7403 -0.6336 -0.2246
vn 0.7961 0.5549 -0.2415
vn 0.6774 -0.7063 -0.2055
vn 0.9387 0.2899 -0.1867
vn 0.9620 0.1948 -0.1914
vn 0.0976 0.9950 -0.0194
vn 0.4635 -0.8813 -0.0922
vn 0.3766 -0.9233 -0.0749
vn 0.9761 0.0979 -0.1942
vn 0.1928 0.9805 -0.0383
vn 0.2861 -0.9565 -0.0569
vn 0.9808 -0.0000 -0.1951
vn 0.2861 0.9565 -0.0569
vn 0.1928 -0.9805 -0.0383
vn 0.9761 -0.0979 -0.1942
vn 0.3766 0.9233 -0.0749
vn 0.0976 -0.9950 -0.0194
vn 0.9620 -0.1948 -0.1914
vn 0.4635 0.8813 -0.0922
vn 0.9387 -0.2899 -0.1867
vn 0.5459 0.8308 -0.1086
vn 0.9063 -0.3821 -0.1803
vn 0.6231 0.7723 -0.1239
vn 0.8653 -0.4708 -0.1721
vn 0.6943 0.7063 -0.1381
vn 0.8160 -0.5549 -0.1623
vn 0.7588 0.6336 -0.1509
vn 0.7588 -0.6336 -0.1509
vn 0.8160 0.5549 -0.1623
vn 0.6943 -0.7063 -0.1381
vn 0.8653 0.4708 -0.1721
vn 0.6231 -0.7723 -0.1239
vn 0.9063 0.3821 -0.1803
vn 0.5459 -0.8308 -0.1086
vn 0.9904 0.0979 -0.0975
vn 0.9952 -0.0000 -0.0980
vn 0.1956 0.9805 -0.0193
vn 0.2903 0.9565 -0.0286
vn 0.2903 -0.9565 -0.0286
vn 0.1956 -0.9805 -0.0193
vn 0.9904 -0.0979 -0.0975
vn 0.3821 0.9233 -0.0376
vn 0.0991 -0.9950 -0.0098
vn 0.9761 -0.1948 -0.0961
vn 0.4703 0.8813 -0.0463
vn 0.9525 -0.2899 -0.0938
vn 0.5539 0.8308 -0.0546
vn 0.9197 -0.3821 -0.0906
vn 0.6322 0.7723 -0.0623
vn 0.8780 -0.4708 -0.0865
vn 0.7045 0.7063 -0.0694
vn 0.8279 -0.5549 -0.0815
vn 0.7699 0.6336 -0.0758
vn 0.7699 -0.6336 -0.0758
vn 0.8279 0.5549 -0.0815
vn 0.7045 -0.7063 -0.0694
vn 0.8780 0.4708 -0.0865
vn 0.6322 -0.7723 -0.0623
vn 0.9197 0.3821 -0.0906
vn 0.5539 -0.8308 -0.0546
vn 0.9525 0.2899 -0.0938
vn 0.4703 -0.8813 -0.0463
vn 0.9761 0.1948 -0.0961
vn 0.0991 0.9950 -0.0098
vn 0.3821 -0.9233 -0.0376
vn 0.9952 -0.0979 -0.0000
vn 0.9808 -0.1948 -0.0000
vn 0.3840 0.9233 -0.0000
vn 0.4726 0.8813 -0.0000
vn 0.0995 -0.9950 -0.0000
vn 0.9571 -0.2899 -0.0000
vn 0.5566 0.8308 -0.0000
vn 0.9241 -0.3821 -0.0000
vn 0.6353 0.7723 -0.0000
vn 0.8823 -0.4708 -0.0000
vn 0.7079 0.7063 -0.0000
vn 0.8319 -0.5549 -0.0000
vn 0.7736 0.6336 -0.0000
vn 0.7736 -0.6336 -0.0000
vn 0.8319 0.5549 -0.0000
vn 0.7079 -0.7063 -0.0000
vn 0.8823 0.4708 -0.0000
vn 0.6353 -0.7723 -0.0000
vn 0.9241 0.3821 -0.0000
vn 0.5566 -0.8308 -0.0000
vn 0.9571 0.2899 -0.0000
vn 0.4726 -0.8813 -0.0000
vn 0.9808 0.1948 -0.0000
vn 0.0995 0.9950 -0.0000
vn 0.3840 -0.9233 -0.0000
vn 0.9952 0.0979 -0.0000
vn 0.1966 0.9805 -0.0000
vn 0.2917 -0.9565 -0.0000
vn 1.0000 -0.0000 -0.0000
vn 0.2917 0.9565 -0.0000
vn 0.1966 -0.9805 -0.0000
vn 0.9525 -0.2899 0.0938
vn 0.9197 -0.3821 0.0906
vn 0.5539 0.8308 0.0546
vn 0.6322 0.7723 0.0623
vn 0.8780 -0.4708 0.0865
vn 0.7045 0.7063 0.0694
vn 0.8279 -0.5549 0.0815
vn 0.7699 0.6336 0.0758
vn 0.7699 -0.6336 0.0758
vn 0.8279 0.5549 0.0815
vn 0.7045 -0.7063 0.0694
vn 0.8780 0.4708 0.0865
vn 0.6322 -0.7723 0.0623
vn 0.9197 0.3821 0.0906
vn 0.5539 -0.8308 0.0546
vn 0.9525 0.2899 0.0938
vn 0.4703 -0.8813 0.0463
vn 0.9761 0.1948 0.0961
vn 0.0991 0.9950 0.0098
vn 0.3821 -0.9233 0.0376
vn 0.9904 0.0979 0.0975
vn 0.1956 0.9805 0.0193
vn 0.2903 -0.9565 0.0286
vn 0.9952 -0.0000 0.0980
vn 0.2903 0.9565 0.0286
vn 0.1956 -0.9805 0.0193
vn 0.9904 -0.0979 0.0975
vn 0.3821 0.9233 0.0376
vn 0.0991 -0.9950 0.0098
vn 0.9761 -0.1948 0.0961
vn 0.4703 0.8813 0.0463
vn 0.8653 -0.4708 0.1721
vn 0.8160 -0.5549 0.1623
vn 0.6943 0.7063 0.1381
vn 0.7588 0.6336 0.1509
vn 0.7588 -0.6336 0.1509
vn 0.8160 0.5549 0.1623
vn 0.6943 -0.7063 0.1381
vn 0.8653 0.4708 0.1721
vn 0.6231 -0.7723 0.1239
vn 0.9063 0.3821 0.1803
vn 0.5459 -0.8308 0.1086
vn 0.9387 0.2899 0.1867
vn 0.4635 -0.8813 0.0922
vn 0.9620 0.1948 0.1914
vn 0.0976 0.9950 0.0194
vn 0.3766 -0.9233 0.0749
vn 0.9761 0.0979 0.1942
vn 0.1928 0.9805 0.0383
vn 0.2861 -0.9565 0.0569
vn 0.9808 -0.0000 0.1951
vn 0.2861 0.9565 0.0569
vn 0.1928 -0.9805 0.0383
vn 0.9761 -0.0979 0.1942
vn 0.3766 0.9233 0.0749
vn 0.0976 -0.9950 0.0194
vn 0.9620 -0.1948 0.1914
vn 0.4635 0.8813 0.0922
vn 0.9387 -0.2899 0.1867
vn 0.5459 0.8308 0.1086
vn 0.9063 -0.3821 0.1803
vn 0.6231 0.7723 0.1239
vn 0.7403 -0.6336 0.2246
vn 0.6774 -0.7063 0.2055
vn 0.7961 0.5549 0.2415
vn 0.8443 0.4708 0.2561
vn 0.6080 -0.7723 0.1844
vn 0.8843 0.3821 0.2683
vn 0.5327 -0.8308 0.1616
vn 0.9159 0.2899 0.2778
vn 0.4522 -0.8813 0.1372
vn 0.9386 0.1948 0.2847
vn 0.0952 0.9950 0.0289
vn 0.3675 -0.9233 0.1115
vn 0.9523 0.0979 0.2889
vn 0.1881 0.9805 0.0571
vn 0.2791 -0.9565 0.0847
vn 0.9569 -0.0000 0.2903
vn 0.2791 0.9565 0.0847
vn 0.1881 -0.9805 0.0571
vn 0.9523 -0.0979 0.2889
vn 0.3675 0.9233 0.1115
vn 0.0952 -0.9950 0.0289
vn 0.9386 -0.1948 0.2847
vn 0.4522 0.8813 0.1372
vn 0.9159 -0.2899 0.2778
vn 0.5327 0.8308 0.1616
vn 0.8843 -0.3821 0.2683
vn 0.6080 0.7723 0.1844
vn 0.8443 -0.4708 0.2561
vn 0.6774 0.7063 0.2055
vn 0.7961 -0.5549 0.2415
vn 0.7403 0.6336 0.2246
vn 0.5869 -0.7723 0.2431
vn 0.5143 -0.8308 0.2130
vn 0.8538 0.3821 0.3536
vn 0.8842 0.2899 0.3663
vn 0.4366 -0.8813 0.1809
vn 0.9062 0.1948 0.3754
vn 0.0920 0.9950 0.0381
vn 0.3548 -0.9233 0.1469
vn 0.9194 0.0979 0.3808
vn 0.1816 0.9805 0.0752
vn 0.2695 -0.9565 0.1116
vn 0.9239 -0.0000 0.3827
vn 0.2695 0.9565 0.1116
vn 0.1816 -0.9805 0.0752
vn 0.9194 -0.0979 0.3808
vn 0.3548 0.9233 0.1469
vn 0.0920 -0.9950 0.0381
vn 0.9062 -0.1948 0.3754
vn 0.4366 0.8813 0.1809
vn 0.8842 -0.2899 0.3663
vn 0.5143 0.8308 0.2130
vn 0.8538 -0.3821 0.3536
vn 0.5869 0.7723 0.2431
vn 0.8151 -0.4708 0.3376
vn 0.6540 0.7063 0.2709
vn 0.7686 -0.5549 0.3184
vn 0.7147 0.6336 0.2961
vn 0.7147 -0.6336 0.2961
vn 0.7686 0.5549 0.3184
vn 0.6540 -0.7063 0.2709
vn 0.8151 0.4708 0.3376
vn 0.0878 0.9950 0.0469
vn 0.4168 -0.8813 0.2228
vn 0.3386 -0.9233 0.1810
vn 0.8650 0.1948 0.4624
vn 0.8777 0.0979 0.4691
vn 0.1734 0.9805 0.0927
vn 0.2572 -0.9565 0.1375
vn 0.8819 -0.0000 0.4714
vn 0.2572 0.9565 0.1375
vn 0.1734 -0.9805 0.0927
vn 0.8777 -0.0979 0.4691
vn 0.3386 0.9233 0.1810
vn 0.0878 -0.9950 0.0469
vn 0.8650 -0.1948 0.4624
vn 0.4168 0.8813 0.2228
vn 0.8441 -0.2899 0.4512
vn 0.4909 0.8308 0.2624
vn 0.8150 -0.3821 0.4356
vn 0.5603 0.7723 0.2995
vn 0.7781 -0.4708 0.4159
vn 0.6243 0.7063 0.3337
vn 0.7337 -0.5549 0.3922
vn 0.6823 0.6336 0.3647
vn 0.6823 -0.6336 0.3647
vn 0.7337 0.5549 0.3922
vn 0.6243 -0.7063 0.3337
vn 0.7781 0.4708 0.4159
vn 0.5603 -0.7723 0.2995
vn 0.8150 0.3821 0.4356
vn 0.4909 -0.8308 0.2624
vn 0.8441 0.2899 0.4512
vn 0.1634 0.9805 0.1092
vn 0.2425 0.9565 0.1621
vn 0.2425 -0.9565 0.1621
vn 0.1634 -0.9805 0.1092
vn 0.8315 -0.0000 0.5556
vn 0.8275 -0.0979 0.5529
vn 0.3193 0.9233 0.2133
vn 0.0828 -0.9950 0.0553
vn 0.8155 -0.1948 0.5449
vn 0.3929 0.8813 0.2626
vn 0.7958 -0.2899 0.5317
vn 0.4628 0.8308 0.3092
vn 0.7684 -0.3821 0.5134
vn 0.5282 0.7723 0.3530
vn 0.7336 -0.4708 0.4902
vn 0.5886 0.7063 0.3933
vn 0.6917 -0.5549 0.4622
vn 0.6432 0.6336 0.4298
vn 0.6432 -0.6336 0.4298
vn 0.6917 0.5549 0.4622
vn 0.5886 -0.7063 0.3933
vn 0.7336 0.4708 0.4902
vn 0.5282 -0.7723 0.3530
vn 0.7684 0.3821 0.5134
vn 0.4628 -0.8308 0.3092
vn 0.7958 0.2899 0.5317
vn 0.3929 -0.8813 0.2626
vn 0.8155 0.1948 0.5449
vn 0.0828 0.9950 0.0553
vn 0.3193 -0.9233 0.2133
vn 0.8275 0.0979 0.5529
vn 0.2968 0.9233 0.2436
vn 0.3653 0.8813 0.2998
vn 0.0769 -0.9950 0.0631
vn 0.7582 -0.1948 0.6222
vn 0.7398 -0.2899 0.6072
vn 0.4303 0.8308 0.3531
vn 0.7143 -0.3821 0.5862
vn 0.4911 0.7723 0.4030
vn 0.6820 -0.4708 0.5597
vn 0.5472 0.7063 0.4491
vn 0.6431 -0.5549 0.5278
vn 0.5980 0.6336 0.4908
vn 0.5980 -0.6336 0.4908
vn 0.6431 0.5549 0.5278
vn 0.5472 -0.7063 0.4491
vn 0.6820 0.4708 0.5597
vn 0.4911 -0.7723 0.4030
vn 0.7143 0.3821 0.5862
vn 0.4303 -0.8308 0.3531
vn 0.7398 0.2899 0.6072
vn 0.3653 -0.8813 0.2998
vn 0.7582 0.1948 0.6222
vn 0.0769 0.9950 0.0631
vn 0.2968 -0.9233 0.2436
vn 0.7693 0.0979 0.6313
vn 0.1519 0.9805 0.1247
vn 0.2255 -0.9565 0.1850
vn 0.7730 -0.0000 0.6344
vn 0.2255 0.9565 0.1850
vn 0.1519 -0.9805 0.1247
vn 0.7693 -0.0979 0.6313
vn 0.3936 0.8308 0.3936
vn 0.4492 0.7723 0.4492
vn 0.6534 -0.3821 0.6534
vn 0.6239 -0.4708 0.6239
vn 0.5005 0.7063 0.5005
vn 0.5883 -0.5549 0.5883
vn 0.5470 0.6336 0.5470
vn 0.5470 -0.6336 0.5470
vn 0.5883 0.5549 0.5883
vn 0.5005 -0.7063 0.5005
vn 0.6239 0.4708 0.6239
vn 0.4492 -0.7723 0.4492
vn 0.6534 0.3821 0.6534
vn 0.3936 -0.8308 0.3936
vn 0.6767 0.2899 0.6768
vn 0.3342 -0.8813 0.3342
vn 0.6936 0.1948 0.6936
vn 0.0704 0.9950 0.0704
vn 0.2715 -0.9233 0.2715
vn 0.7037 0.0979 0.7037
vn 0.1390 0.9805 0.1390
vn 0.2063 -0.9565 0.2063
vn 0.7071 -0.0000 0.7071
vn 0.2063 0.9565 0.2063
vn 0.1390 -0.9805 0.1390
vn 0.7037 -0.0979 0.7037
vn 0.2715 0.9233 0.2715
vn 0.0704 -0.9950 0.0704
vn 0.6936 -0.1948 0.6936
vn 0.3342 0.8813 0.3342
vn 0.6767 -0.2899 0.6768
vn 0.4491 0.7063 0.5472
vn 0.4908 0.6336 0.5980
vn 0.5278 -0.5549 0.6431
vn 0.4908 -0.6336 0.5980
vn 0.5278 0.5549 0.6431
vn 0.4491 -0.7063 0.5472
vn 0.5597 0.4708 0.6820
vn 0.4030 -0.7723 0.4911
vn 0.5862 0.3821 0.7143
vn 0.3531 -0.8308 0.4303
vn 0.6072 0.2899 0.7398
vn 0.2998 -0.8813 0.3653
vn 0.6222 0.1948 0.7582
vn 0.0631 0.9950 0.0769
vn 0.2436 -0.9233 0.2968
vn 0.6313 0.0979 0.7693
vn 0.1247 0.9805 0.1519
vn 0.1850 -0.9565 0.2255
vn 0.6344 -0.0000 0.7730
vn 0.1850 0.9565 0.2255
vn 0.1247 -0.9805 0.1519
vn 0.6313 -0.0979 0.7693
vn 0.2436 0.9233 0.2968
vn 0.0631 -0.9950 0.0769
vn 0.6222 -0.1948 0.7582
vn 0.2998 0.8813 0.3653
vn 0.6072 -0.2899 0.7398
vn 0.3531 0.8308 0.4303
vn 0.5862 -0.3821 0.7143
vn 0.4030 0.7723 0.4911
vn 0.5597 -0.4708 0.6820
vn 0.4622 0.5549 0.6917
vn 0.4902 0.4708 0.7336
vn 0.3933 -0.7063 0.5886
vn 0.3530 -0.7723 0.5282
vn 0.5134 0.3821 0.7684
vn 0.3092 -0.8308 0.4628
vn 0.5317 0.2899 0.7958
vn 0.2626 -0.8813 0.3929
vn 0.5449 0.1948 0.8155
vn 0.0553 0.9950 0.0828
vn 0.2133 -0.9233 0.3193
vn 0.5529 0.0979 0.8275
vn 0.1092 0.9805 0.1634
vn 0.1621 -0.9565 0.2425
vn 0.5556 -0.0000 0.8315
vn 0.1621 0.9565 0.2425
vn 0.1092 -0.9805 0.1634
vn 0.5529 -0.0979 0.8275
vn 0.2133 0.9233 0.3193
vn 0.0553 -0.9950 0.0828
vn 0.5449 -0.1948 0.8155
vn 0.2626 0.8813 0.3929
vn 0.5317 -0.2899 0.7958
vn 0.3092 0.8308 0.4628
vn 0.5134 -0.3821 0.7684
vn 0.3530 0.7723 0.5282
vn 0.4902 -0.4708 0.7336
vn 0.3933 0.7063 0.5886
vn 0.4622 -0.5549 0.6917
vn 0.4298 0.6336 0.6432
vn 0.4298 -0.6336 0.6432
vn 0.4512 -0.2899 0.8441
vn 0.4356 -0.3821 0.8150
vn 0.2624 0.8308 0.4909
vn 0.2995 0.7723 0.5603
vn 0.4159 -0.4708 0.7781
vn 0.3337 0.7063 0.6243
vn 0.3922 -0.5549 0.7337
vn 0.3647 0.6336 0.6823
vn 0.3647 -0.6336 0.6823
vn 0.3922 0.5549 0.7337
vn 0.3337 -0.7063 0.6243
vn 0.4159 0.4708 0.7781
vn 0.2995 -0.7723 0.5603
vn 0.4356 0.3821 0.8150
vn 0.2624 -0.8308 0.4909
vn 0.4512 0.2899 0.8441
vn 0.2228 -0.8813 0.4168
vn 0.4624 0.1948 0.8650
vn 0.0469 0.9950 0.0878
vn 0.1810 -0.9233 0.3386
vn 0.4691 0.0979 0.8777
vn 0.0927 0.9805 0.1734
vn 0.1375 -0.9565 0.2572
vn 0.4714 -0.0000 0.8819
vn 0.1375 0.9565 0.2572
vn 0.0927 -0.9805 0.1734
vn 0.4691 -0.0979 0.8777
vn 0.1810 0.9233 0.3386
vn 0.0469 -0.9950 0.0878
vn 0.4624 -0.1948 0.8650
vn 0.2228 0.8813 0.4168
vn 0.3376 -0.4708 0.8151
vn 0.3184 -0.5549 0.7686
vn 0.2709 0.7063 0.6540
vn 0.2961 0.6336 0.7147
vn 0.2961 -0.6336 0.7147
vn 0.3184 0.5549 0.7686
vn 0.2709 -0.7063 0.6540
vn 0.3376 0.4708 0.8151
vn 0.2431 -0.7723 0.5869
vn 0.3536 0.3821 0.8538
vn 0.2130 -0.8308 0.5143
vn 0.3663 0.2899 0.8842
vn 0.1809 -0.8813 0.4366
vn 0.3754 0.1948 0.9062
vn 0.0381 0.9950 0.0920
vn 0.1469 -0.9233 0.3548
vn 0.3808 0.0979 0.9194
vn 0.0752 0.9805 0.1816
vn 0.1116 -0.9565 0.2695
vn 0.3827 -0.0000 0.9239
vn 0.1116 0.9565 0.2695
vn 0.0752 -0.9805 0.1816
vn 0.3808 -0.0979 0.9194
vn 0.1469 0.9233 0.3548
vn 0.0381 -0.9950 0.0920
vn 0.3754 -0.1948 0.9062
vn 0.1809 0.8813 0.4366
vn 0.3663 -0.2899 0.8842
vn 0.2130 0.8308 0.5143
vn 0.3536 -0.3821 0.8538
vn 0.2431 0.7723 0.5869
vn 0.2246 -0.6336 0.7403
vn 0.2055 -0.7063 0.6774
vn 0.2415 0.5549 0.7961
vn 0.2561 0.4708 0.8443
vn 0.1844 -0.7723 0.6080
vn 0.2683 0.3821 0.8843
vn 0.1616 -0.8308 0.5327
vn 0.2778 0.2899 0.9159
vn 0.1372 -0.8813 0.4522
vn 0.2847 0.1948 0.9386
vn 0.0289 0.9950 0.0952
vn 0.1115 -0.9233 0.3675
vn 0.2889 0.0979 0.9523
vn 0.0571 0.9805 0.1881
vn 0.0847 -0.9565 0.2791
vn 0.2903 -0.0000 0.9569
vn 0.0847 0.9565 0.2791
vn 0.0571 -0.9805 0.1881
vn 0.2889 -0.0979 0.9523
vn 0.1115 0.9233 0.3675
vn 0.0289 -0.9950 0.0952
vn 0.2847 -0.1948 0.9386
vn 0.1372 0.8813 0.4522
vn 0.2778 -0.2899 0.9159
vn 0.1616 0.8308 0.5327
vn 0.2683 -0.3821 0.8843
vn 0.1844 0.7723 0.6080
vn 0.2561 -0.4708 0.8443
vn 0.2055 0.7063 0.6774
vn 0.2415 -0.5549 0.7961
vn 0.2246 0.6336 0.7403
vn 0.1239 -0.7723 0.6231
vn 0.1086 -0.8308 0.5459
vn 0.1803 0.3821 0.9063
vn 0.1867 0.2899 0.9387
vn 0.0922 -0.8813 0.4635
vn 0.1914 0.1948 0.9620
vn 0.0194 0.9950 0.0976
vn 0.0749 -0.9233 0.3766
vn 0.1942 0.0979 0.9761
vn 0.0383 0.9805 0.1928
vn 0.0569 -0.9565 0.2861
vn 0.1951 -0.0000 0.9808
vn 0.0569 0.9565 0.2861
vn 0.0383 -0.9805 0.1928
vn 0.1942 -0.0979 0.9761
vn 0.0749 0.9233 0.3766
vn 0.0194 -0.9950 0.0976
vn 0.1914 -0.1948 0.9620
vn 0.0922 0.8813 0.4635
vn 0.1867 -0.2899 0.9387
vn 0.1086 0.8308 0.5459
vn 0.1803 -0.3821 0.9063
vn 0.1239 0.7723 0.6231
vn 0.1721 -0.4708 0.8653
vn 0.1381 0.7063 0.6943
vn 0.1623 -0.5549 0.8160
vn 0.1509 0.6336 0.7588
vn 0.1509 -0.6336 0.7588
vn 0.1623 0.5549 0.8160
vn 0.1381 -0.7063 0.6943
vn 0.1721 0.4708 0.8653
vn 0.0098 0.9950 0.0991
vn 0.0463 -0.8813 0.4703
vn 0.0376 -0.9233 0.3821
vn 0.0961 0.1948 0.9761
vn 0.0975 0.0979 0.9904
vn 0.0193 0.9805 0.1956
vn 0.0286 -0.9565 0.2903
vn 0.0980 -0.0000 0.9952
vn 0.0286 0.9565 0.2903
vn 0.0193 -0.9805 0.1956
vn 0.0975 -0.0979 0.9904
vn 0.0376 0.9233 0.3821
vn 0.0098 -0.9950 0.0991
vn 0.0961 -0.1948 0.9761
vn 0.0463 0.8813 0.4703
vn 0.0938 -0.2899 0.9525
vn 0.0546 0.8308 0.5539
vn 0.0906 -0.3821 0.9197
vn 0.0623 0.7723 0.6322
vn 0.0865 -0.4708 0.8780
vn 0.0694 0.7063 0.7045
vn 0.0815 -0.5549 0.8279
vn 0.0758 0.6336 0.7699
vn 0.0758 -0.6336 0.7699
vn 0.0815 0.5549 0.8279
vn 0.0694 -0.7063 0.7045
vn 0.0865 0.4708 0.8780
vn 0.0623 -0.7723 0.6322
vn 0.0906 0.3821 0.9197
vn 0.0546 -0.8308 0.5539
vn 0.0938 0.2899 0.9525
vn -0.0000 0.9805 0.1966
vn -0.0000 0.9565 0.2917
vn -0.0000 -0.9565 0.2917
vn -0.0000 -0.9805 0.1966
vn -0.0000 -0.0000 1.0000
vn -0.0000 -0.0979 0.9952
vn -0.0000 0.9233 0.3840
vn -0.0000 -0.9950 0.0995
vn -0.0000 -0.1948 0.9808
vn -0.0000 0.8813 0.4726
vn -0.0000 -0.2899 0.9571
vn -0.0000 0.8308 0.5566
vn -0.0000 -0.3821 0.9241
vn -0.0000 0.7723 0.6353
vn -0.0000 -0.4708 0.8823
vn -0.0000 0.7063 0.7079
vn -0.0000 -0.5549 0.8319
vn -0.0000 0.6336 0.7736
vn -0.0000 -0.6336 0.7736
vn -0.0000 0.5549 0.8319
vn -0.0000 -0.7063 0.7079
vn -0.0000 0.4708 0.8823
vn -0.0000 -0.7723 0.6353
vn -0.0000 0.3821 0.9241
vn -0.0000 -0.8308 0.5566
vn -0.0000 0.2899 0.9571
vn -0.0000 -0.8813 0.4726
vn -0.0000 0.1948 0.9808
vn -0.0000 0.9950 0.0995
vn -0.0000 -0.9233 0.3840
vn -0.0000 0.0979 0.9952
vn -0.0376 0.9233 0.3821
vn -0.0463 0.8813 0.4703
vn -0.0098 -0.9950 0.0991
vn -0.0961 -0.1948 0.9761
vn -0.0938 -0.2899 0.9525
vn -0.0546 0.8308 0.5539
vn -0.0906 -0.3821 0.9197
vn -0.0623 0.7723 0.6322
vn -0.0865 -0.4708 0.8780
vn -0.0694 0.7063 0.7045
vn -0.0815 -0.5549 0.8279
vn -0.0758 0.6336 0.7699
vn -0.0758 -0.6336 0.7699
vn -0.0815 0.5549 0.8279
vn -0.0694 -0.7063 0.7045
vn -0.0865 0.4708 0.8780
vn -0.0623 -0.7723 0.6322
vn -0.0906 0.3821 0.9197
vn -0.0546 -0.8308 0.5539
vn -0.0938 0.2899 0.9525
vn -0.0463 -0.8813 0.4703
vn -0.0961 0.1948 0.9761
vn -0.0098 0.9950 0.0991
vn -0.0376 -0.9233 0.3821
vn -0.0975 0.0979 0.9904
vn -0.0193 0.9805 0.1956
vn -0.0286 -0.9565 0.2903
vn -0.0980 -0.0000 0.9952
vn -0.0286 0.9565 0.2903
vn -0.0193 -0.9805 0.1956
vn -0.0975 -0.0979 0.9904
vn -0.1086 0.8308 0.5459
vn -0.1239 0.7723 0.6231
vn -0.1803 -0.3821 0.9063
vn -0.1721 -0.4708 0.8653
vn -0.1381 0.7063 0.6943
vn -0.1623 -0.5549 0.8160
vn -0.1509 0.6336 0.7588
vn -0.1509 -0.6336 0.7588
vn -0.1623 0.5549 0.8160
vn -0.1381 -0.7063 0.6943
vn -0.1721 0.4708 0.8653
vn -0.1239 -0.7723 0.6231
vn -0.1803 0.3821 0.9063
vn -0.1086 -0.8308 0.5459
vn -0.1867 0.2899 0.9387
vn -0.0922 -0.8813 0.4635
vn -0.1914 0.1948 0.9620
vn -0.0194 0.9950 0.0976
vn -0.0749 -0.9233 0.3766
vn -0.1942 0.0979 0.9761
vn -0.0383 0.9805 0.1928
vn -0.0569 -0.9565 0.2861
vn -0.1951 -0.0000 0.9808
vn -0.0569 0.9565 0.2861
vn -0.0383 -0.9805 0.1928
vn -0.1942 -0.0979 0.9761
vn -0.0749 0.9233 0.3766
vn -0.0194 -0.9950 0.0976
vn -0.1914 -0.1948 0.9620
vn -0.0922 0.8813 0.4635
vn -0.1867 -0.2899 0.9387
vn -0.2055 0.7063 0.6774
vn -0.2246 0.6336 0.7403
vn -0.2415 -0.5549 0.7961
vn -0.2246 -0.6336 0.7403
vn -0.2415 0.5549 0.7961
vn -0.2055 -0.7063 0.6774
vn -0.2561 0.4708 0.8443
vn -0.1844 -0.7723 0.6080
vn -0.2683 0.3821 0.8843
vn -0.1616 -0.8308 0.5327
vn -0.2778 0.2899 0.9159
vn -0.1372 -0.8813 0.4522
vn -0.2847 0.1948 0.9386
vn -0.0289 0.9950 0.0952
vn -0.1115 -0.9233 0.3675
vn -0.2889 0.0979 0.9523
vn -0.0571 0.9805 0.1881
vn -0.0847 -0.9565 0.2791
vn -0.2903 -0.0000 0.9569
vn -0.0847 0.9565 0.2791
vn -0.0571 -0.9805 0.1881
vn -0.2889 -0.0979 0.9523
vn -0.1115 0.9233 0.3675
vn -0.0289 -0.9950 0.0952
vn -0.2847 -0.1948 0.9386
vn -0.1372 0.8813 0.4522
vn -0.2778 -0.2899 0.9159
vn -0.1616 0.8308 0.5327
vn -0.2683 -0.3821 0.8843
vn -0.1844 0.7723 0.6080
vn -0.2561 -0.4708 0.8443
vn -0.3184 0.5549 0.7686
vn -0.3376 0.4708 0.8151
vn -0.2709 -0.7063 0.6540
vn -0.2431 -0.7723 0.5869
vn -0.3536 0.3821 0.8538
vn -0.2130 -0.8308 0.5143
vn -0.3663 0.2899 0.8842
vn -0.1809 -0.8813 0.4366
vn -0.3754 0.1948 0.9062
vn -0.0381 0.9950 0.0920
vn -0.1469 -0.9233 0.3548
vn -0.3808 0.0979 0.9194
vn -0.0752 0.9805 0.1816
vn -0.1116 -0.9565 0.2695
vn -0.3827 -0.0000 0.9239
vn -0.1116 0.9565 0.2695
vn -0.0752 -0.9805 0.1816
vn -0.3808 -0.0979 0.9194
vn -0.1469 0.9233 0.3548
vn -0.0381 -0.9950 0.0920
vn -0.3754 -0.1948 0.9062
vn -0.1809 0.8813 0.4366
vn -0.3663 -0.2899 0.8842
vn -0.2130 0.8308 0.5143
vn -0.3536 -0.3821 0.8538
vn -0.2431 0.7723 0.5869
vn -0.3376 -0.4708 0.8151
vn -0.2709 0.7063 0.6540
vn -0.3184 -0.5549 0.7686
vn -0.2961 0.6336 0.7147
vn -0.2961 -0.6336 0.7147
vn -0.4356 0.3821 0.8150
vn -0.4512 0.2899 0.8441
vn -0.2624 -0.8308 0.4909
vn -0.2228 -0.8813 0.4168
vn -0.4624 0.1948 0.8650
vn -0.0469 0.9950 0.0878
vn -0.1810 -0.9233 0.3386
vn -0.4691 0.0979 0.8777
vn -0.0927 0.9805 0.1734
vn -0.1375 -0.9565 0.2572
vn -0.4714 -0.0000 0.8819
vn -0.1375 0.9565 0.2572
vn -0.0927 -0.9805 0.1734
vn -0.4691 -0.0979 0.8777
vn -0.1810 0.9233 0.3386
vn -0.0469 -0.9950 0.0878
vn -0.4624 -0.1948 0.8650
vn -0.2228 0.8813 0.4168
vn -0.4512 -0.2899 0.8441
vn -0.2624 0.8308 0.4909
vn -0.4356 -0.3821 0.8150
vn -0.2995 0.7723 0.5603
vn -0.4159 -0.4708 0.7781
vn -0.3337 0.7063 0.6243
vn -0.3922 -0.5549 0.7337
vn -0.3647 0.6336 0.6823
vn -0.3647 -0.6336 0.6823
vn -0.3922 0.5549 0.7337
vn -0.3337 -0.7063 0.6243
vn -0.4159 0.4708 0.7781
vn -0.2995 -0.7723 0.5603
vn -0.5449 0.1948 0.8155
vn -0.5529 0.0979 0.8275
vn -0.0553 0.9950 0.0828
vn -0.1092 0.9805 0.1634
vn -0.2133 -0.9233 0.3193
vn -0.1621 -0.9565 0.2425
vn -0.5556 -0.0000 0.8315
vn -0.1621 0.9565 0.2425
vn -0.1092 -0.9805 0.1634
vn -0.5529 -0.0979 0.8275
vn -0.2133 0.9233 0.3193
vn -0.0553 -0.9950 0.0828
vn -0.5449 -0.1948 0.8155
vn -0.2626 0.8813 0.3929
vn -0.5317 -0.2899 0.7958
vn -0.3092 0.8308 0.4628
vn -0.5134 -0.3821 0.7684
vn -0.3530 0.7723 0.5282
vn -0.4902 -0.4708 0.7336
vn -0.3933 0.7063 0.5886
vn -0.4622 -0.5549 0.6917
vn -0.4298 0.6336 0.6432
vn -0.4298 -0.6336 0.6432
vn -0.4622 0.5549 0.6917
vn -0.3933 -0.7063 0.5886
vn -0.4902 0.4708 0.7336
vn -0.3530 -0.7723 0.5282
vn -0.5134 0.3821 0.7684
vn -0.3092 -0.8308 0.4628
vn -0.5317 0.2899 0.7958
vn -0.2626 -0.8813 0.3929
vn -0.6344 -0.0000 0.7730
vn -0.6313 -0.0979 0.7693
vn -0.1850 0.9565 0.2255
vn -0.2436 0.9233 0.2968
vn -0.1247 -0.9805 0.1519
vn -0.0631 -0.9950 0.0769
vn -0.6222 -0.1948 0.7582
vn -0.2998 0.8813 0.3653
vn -0.6072 -0.2899 0.7398
vn -0.3531 0.8308 0.4303
vn -0.5862 -0.3821 0.7143
vn -0.4030 0.7723 0.4911
vn -0.5597 -0.4708 0.6820
vn -0.4491 0.7063 0.5472
vn -0.5278 -0.5549 0.6431
vn -0.4908 0.6336 0.5980
vn -0.4908 -0.6336 0.5980
vn -0.5278 0.5549 0.6431
vn -0.4491 -0.7063 0.5472
vn -0.5597 0.4708 0.6820
vn -0.4030 -0.7723 0.4911
vn -0.5862 0.3821 0.7143
vn -0.3531 -0.8308 0.4303
vn -0.6072 0.2899 0.7398
vn -0.2998 -0.8813 0.3653
vn -0.6222 0.1948 0.7582
vn -0.0631 0.9950 0.0769
vn -0.2436 -0.9233 0.2968
vn -0.6313 0.0979 0.7693
vn -0.1247 0.9805 0.1519
vn -0.1850 -0.9565 0.2255
vn -0.6936 -0.1948 0.6936
vn -0.6768 -0.2899 0.6767
vn -0.3342 0.8813 0.3342
vn -0.3936 0.8308 0.3936
vn -0.6534 -0.3821 0.6534
vn -0.4492 0.7723 0.4492
vn -0.6239 -0.4708 0.6239
vn -0.5005 0.7063 0.5005
vn -0.5883 -0.5549 0.5883
vn -0.5470 0.6336 0.5470
vn -0.5470 -0.6336 0.5470
vn -0.5883 0.5549 0.5883
vn -0.5005 -0.7063 0.5005
vn -0.6239 0.4708 0.6239
vn -0.4492 -0.7723 0.4492
vn -0.6534 0.3821 0.6534
vn -0.3936 -0.8308 0.3936
vn -0.6767 0.2899 0.6767
vn -0.3342 -0.8813 0.3342
vn -0.6936 0.1948 0.6936
vn -0.0704 0.9950 0.0704
vn -0.2715 -0.9233 0.2715
vn -0.7037 0.0979 0.7037
vn -0.1390 0.9805 0.1390
vn -0.2063 -0.9565 0.2063
vn -0.7071 -0.0000 0.7071
vn -0.2063 0.9565 0.2063
vn -0.1390 -0.9805 0.1390
vn -0.7037 -0.0979 0.7037
vn -0.2715 0.9233 0.2715
vn -0.0704 -0.9950 0.0704
vn -0.7143 -0.3821 0.5862
vn -0.6820 -0.4708 0.5597
vn -0.4911 0.7723 0.4030
vn -0.5472 0.7063 0.4491
vn -0.6431 -0.5549 0.5278
vn -0.5980 0.6336 0.4908
vn -0.5980 -0.6336 0.4908
vn -0.6431 0.5549 0.5278
vn -0.5472 -0.7063 0.4491
vn -0.6820 0.4708 0.5597
vn -0.4911 -0.7723 0.4030
vn -0.7143 0.3821 0.5862
vn -0.4303 -0.8308 0.3531
vn -0.7398 0.2899 0.6072
vn -0.3653 -0.8813 0.2998
vn -0.7582 0.1948 0.6222
vn -0.0769 0.9950 0.0631
vn -0.2968 -0.9233 0.2436
vn -0.7693 0.0979 0.6313
vn -0.1519 0.9805 0.1247
vn -0.2255 -0.9565 0.1850
vn -0.7730 -0.0000 0.6344
vn -0.2255 0.9565 0.1850
vn -0.1519 -0.9805 0.1247
vn -0.7693 -0.0979 0.6313
vn -0.2968 0.9233 0.2436
vn -0.0769 -0.9950 0.0631
vn -0.7582 -0.1948 0.6222
vn -0.3653 0.8813 0.2998
vn -0.7398 -0.2899 0.6072
vn -0.4303 0.8308 0.3531
vn -0.6917 -0.5549 0.4622
vn -0.6432 -0.6336 0.4298
vn -0.6432 0.6336 0.4298
vn -0.6917 0.5549 0.4622
vn -0.5886 -0.7063 0.3933
vn -0.7336 0.4708 0.4902
vn -0.5282 -0.7723 0.3530
vn -0.7684 0.3821 0.5134
vn -0.4628 -0.8308 0.3092
vn -0.7958 0.2899 0.5317
vn -0.3929 -0.8813 0.2626
vn -0.8155 0.1948 0.5449
vn -0.0828 0.9950 0.0553
vn -0.3193 -0.9233 0.2133
vn -0.8275 0.0979 0.5529
vn -0.1634 0.9805 0.1092
vn -0.2425 -0.9565 0.1621
vn -0.8315 -0.0000 0.5556
vn -0.2425 0.9565 0.1621
vn -0.1634 -0.9805 0.1092
vn -0.8275 -0.0979 0.5529
vn -0.3193 0.9233 0.2133
vn -0.0828 -0.9950 0.0553
vn -0.8155 -0.1948 0.5449
vn -0.3929 0.8813 0.2626
vn -0.7958 -0.2899 0.5317
vn -0.4628 0.8308 0.3092
vn -0.7684 -0.3821 0.5134
vn -0.5282 0.7723 0.3530
vn -0.7336 -0.4708 0.4902
vn -0.5886 0.7063 0.3933
vn -0.6243 -0.7063 0.3337
vn -0.5603 -0.7723 0.2995
vn -0.7781 0.4708 0.4159
vn -0.8150 0.3821 0.4356
vn -0.4909 -0.8308 0.2624
vn -0.8441 0.2899 0.4512
vn -0.4168 -0.8813 0.2228
vn -0.8650 0.1948 0.4624
vn -0.0878 0.9950 0.0469
vn -0.3386 -0.9233 0.1810
vn -0.8777 0.0979 0.4691
vn -0.1734 0.9805 0.0927
vn -0.2572 -0.9565 0.1375
vn -0.8819 -0.0000 0.4714
vn -0.2572 0.9565 0.1375
vn -0.1734 -0.9805 0.0927
vn -0.8777 -0.0979 0.4691
vn -0.3386 0.9233 0.1810
vn -0.0878 -0.9950 0.0469
vn -0.8650 -0.1948 0.4624
vn -0.4168 0.8813 0.2228
vn -0.8441 -0.2899 0.4512
vn -0.4909 0.8308 0.2624
vn -0.8150 -0.3821 0.4356
vn -0.5603 0.7723 0.2995
vn -0.7781 -0.4708 0.4159
vn -0.6243 0.7063 0.3337
vn -0.7337 -0.5549 0.3922
vn -0.6823 0.6336 0.3647
vn -0.6823 -0.6336 0.3647
vn -0.7337 0.5549 0.3922
vn -0.5143 -0.8308 0.2130
vn -0.4366 -0.8813 0.1809
vn -0.8842 0.2899 0.3663
vn -0.9062 0.1948 0.3754
vn -0.0920 0.9950 0.0381
vn -0.3548 -0.9233 0.1469
vn -0.9194 0.0979 0.3808
vn -0.1816 0.9805 0.0752
vn -0.2695 -0.9565 0.1116
vn -0.9239 -0.0000 0.3827
vn -0.2695 0.9565 0.1116
vn -0.1816 -0.9805 0.0752
vn -0.9194 -0.0979 0.3808
vn -0.3548 0.9233 0.1469
vn -0.0920 -0.9950 0.0381
vn -0.9062 -0.1948 0.3754
vn -0.4366 0.8813 0.1809
vn -0.8842 -0.2899 0.3663
vn -0.5143 0.8308 0.2130
vn -0.8538 -0.3821 0.3536
vn -0.5869 0.7723 0.2431
vn -0.8151 -0.4708 0.3376
vn -0.6540 0.7063 0.2709
vn -0.7686 -0.5549 0.3184
vn -0.7147 0.6336 0.2961
vn -0.7147 -0.6336 0.2961
vn -0.7686 0.5549 0.3184
vn -0.6540 -0.7063 0.2709
vn -0.8151 0.4708 0.3376
vn -0.5869 -0.7723 0.2431
vn -0.8538 0.3821 0.3536
vn -0.3675 -0.9233 0.1115
vn -0.2791 -0.9565 0.0847
vn -0.9523 0.0979 0.2889
vn -0.9569 -0.0000 0.2903
vn -0.1881 0.9805 0.0571
vn -0.2791 0.9565 0.0847
vn -0.1881 -0.9805 0.0571
vn -0.9523 -0.0979 0.2889
vn -0.3675 0.9233 0.1115
vn -0.0952 -0.9950 0.0289
vn -0.9386 -0.1948 0.2847
vn -0.4522 0.8813 0.1372
vn -0.9159 -0.2899 0.2778
vn -0.5327 0.8308 0.1616
vn -0.8843 -0.3821 0.2683
vn -0.6080 0.7723 0.1844
vn -0.8443 -0.4708 0.2561
vn -0.6774 0.7063 0.2055
vn -0.7961 -0.5549 0.2415
vn -0.7403 0.6336 0.2246
vn -0.7403 -0.6336 0.2246
vn -0.7961 0.5549 0.2415
vn -0.6774 -0.7063 0.2055
vn -0.8443 0.4708 0.2561
vn -0.6080 -0.7723 0.1844
vn -0.8843 0.3821 0.2683
vn -0.5327 -0.8308 0.1616
vn -0.9159 0.2899 0.2778
vn -0.4522 -0.8813 0.1372
vn -0.9386 0.1948 0.2847
vn -0.0952 0.9950 0.0289
vn -0.1928 -0.9805 0.0383
vn -0.0976 -0.9950 0.0194
vn -0.9761 -0.0979 0.1942
vn -0.9620 -0.1948 0.1914
vn -0.3766 0.9233 0.0749
vn -0.4635 0.8813 0.0922
vn -0.9387 -0.2899 0.1867
vn -0.5459 0.8308 0.1086
vn -0.9063 -0.3821 0.1803
vn -0.6231 0.7723 0.1239
vn -0.8653 -0.4708 0.1721
vn -0.6943 0.7063 0.1381
vn -0.8160 -0.5549 0.1623
vn -0.7588 0.6336 0.1509
vn -0.7588 -0.6336 0.1509
vn -0.8160 0.5549 0.1623
vn -0.6943 -0.7063 0.1381
vn -0.8653 0.4708 0.1721
vn -0.6231 -0.7723 0.1239
vn -0.9063 0.3821 0.1803
vn -0.5459 -0.8308 0.1086
vn -0.9387 0.2899 0.1867
vn -0.4635 -0.8813 0.0922
vn -0.9620 0.1948 0.1914
vn -0.0976 0.9950 0.0194
vn -0.3766 -0.9233 0.0749
vn -0.9761 0.0979 0.1942
vn -0.1928 0.9805 0.0383
vn -0.2861 -0.9565 0.0569
vn -0.9808 -0.0000 0.1951
vn -0.2861 0.9565 0.0569
vn -0.9525 -0.2899 0.0938
vn -0.9197 -0.3821 0.0906
vn -0.5539 0.8308 0.0546
vn -0.6322 0.7723 0.0623
vn -0.8780 -0.4708 0.0865
vn -0.7045 0.7063 0.0694
vn -0.8279 -0.5549 0.0815
vn -0.7699 0.6336 0.0758
vn -0.7699 -0.6336 0.0758
vn -0.8279 0.5549 0.0815
vn -0.7045 -0.7063 0.0694
vn -0.8780 0.4708 0.0865
vn -0.6322 -0.7723 0.0623
vn -0.9197 0.3821 0.0906
vn -0.5539 -0.8308 0.0546
vn -0.9525 0.2899 0.0938
vn -0.4703 -0.8813 0.0463
vn -0.9761 0.1948 0.0961
vn -0.0991 0.9950 0.0098
vn -0.3821 -0.9233 0.0376
vn -0.9904 0.0979 0.0975
vn -0.1956 0.9805 0.0193
vn -0.2903 -0.9565 0.0286
vn -0.9952 -0.0000 0.0980
vn -0.2903 0.9565 0.0286
vn -0.1956 -0.9805 0.0193
vn -0.9904 -0.0979 0.0975
vn -0.3821 0.9233 0.0376
vn -0.0991 -0.9950 0.0098
vn -0.9761 -0.1948 0.0961
vn -0.4703 0.8813 0.0463
vn -0.8823 -0.4708 -0.0000
vn -0.8319 -0.5549 -0.0000
vn -0.7079 0.7063 -0.0000
vn -0.7736 0.6336 -0.0000
vn -0.7736 -0.6336 -0.0000
vn -0.8319 0.5549 -0.0000
vn -0.7079 -0.7063 -0.0000
vn -0.8823 0.4708 -0.0000
vn -0.6353 -0.7723 -0.0000
vn -0.9241 0.3821 -0.0000
vn -0.5566 -0.8308 -0.0000
vn -0.9571 0.2899 -0.0000
vn -0.4726 -0.8813 -0.0000
vn -0.9808 0.1948 -0.0000
vn -0.0995 0.9950 -0.0000
vn -0.3840 -0.9233 -0.0000
vn -0.9952 0.0979 -0.0000
vn -0.1966 0.9805 -0.0000
vn -0.2917 -0.9565 -0.0000
vn -1.0000 -0.0000 -0.0000
vn -0.2917 0.9565 -0.0000
vn -0.1966 -0.9805 -0.0000
vn -0.9952 -0.0979 -0.0000
vn -0.3840 0.9233 -0.0000
vn -0.0995 -0.9950 -0.0000
vn -0.9808 -0.1948 -0.0000
vn -0.4726 0.8813 -0.0000
vn -0.9571 -0.2899 -0.0000
vn -0.5566 0.8308 -0.0000
vn -0.9241 -0.3821 -0.0000
vn -0.6353 0.7723 -0.0000
vn -0.7699 -0.6336 -0.0758
vn -0.7045 -0.7063 -0.0694
vn -0.8279 0.5549 -0.0815
vn -0.8780 0.4708 -0.0865
vn -0.6322 -0.7723 -0.0623
vn -0.9197 0.3821 -0.0906
vn -0.5539 -0.8308 -0.0546
vn -0.9525 0.2899 -0.0938
vn -0.4703 -0.8813 -0.0463
vn -0.9761 0.1948 -0.0961
vn -0.0991 0.9950 -0.0098
vn -0.3821 -0.9233 -0.0376
vn -0.9904 0.0979 -0.0975
vn -0.1956 0.9805 -0.0193
vn -0.2903 -0.9565 -0.0286
vn -0.9952 -0.0000 -0.0980
vn -0.2903 0.9565 -0.0286
vn -0.1956 -0.9805 -0.0193
vn -0.9904 -0.0979 -0.0975
vn -0.3821 0.9233 -0.0376
vn -0.0991 -0.9950 -0.0098
vn -0.9761 -0.1948 -0.0961
vn -0.4703 0.8813 -0.0463
vn -0.9525 -0.2899 -0.0938
vn -0.5539 0.8308 -0.0546
vn -0.9197 -0.3821 -0.0906
vn -0.6322 0.7723 -0.0623
vn -0.8780 -0.4708 -0.0865
vn -0.7045 0.7063 -0.0694
vn -0.8279 -0.5549 -0.0815
vn -0.7699 0.6336 -0.0758
vn -0.6231 -0.7723 -0.1239
vn -0.5459 -0.8308 -0.1086
vn -0.9063 0.3821 -0.1803
vn -0.9387 0.2899 -0.1867
vn -0.4635 -0.8813 -0.0922
vn -0.9620 0.1948 -0.1914
vn -0.0976 0.9950 -0.0194
vn -0.3766 -0.9233 -0.0749
vn -0.9761 0.0979 -0.1942
vn -0.1928 0.9805 -0.0383
vn -0.2861 -0.9565 -0.0569
vn -0.9808 -0.0000 -0.1951
vn -0.2861 0.9565 -0.0569
vn -0.1928 -0.9805 -0.0383
vn -0.9761 -0.0979 -0.1942
vn -0.3766 0.9233 -0.0749
vn -0.0976 -0.9950 -0.0194
vn -0.9620 -0.1948 -0.1914
vn -0.4635 0.8813 -0.0922
vn -0.9387 -0.2899 -0.1867
vn -0.5459 0.8308 -0.1086
vn -0.9063 -0.3821 -0.1803
vn -0.6231 0.7723 -0.1239
vn -0.8653 -0.4708 -0.1721
vn -0.6943 0.7063 -0.1381
vn -0.8160 -0.5549 -0.1623
vn -0.7588 0.6336 -0.1509
vn -0.7588 -0.6336 -0.1509
vn -0.8160 0.5549 -0.1623
vn -0.6943 -0.7063 -0.1381
vn -0.8653 0.4708 -0.1721
vn -0.0952 0.9950 -0.0289
vn -0.4522 -0.8813 -0.1372
vn -0.3675 -0.9233 -0.1115
vn -0.9386 0.1948 -0.2847
vn -0.9523 0.0979 -0.2889
vn -0.1881 0.9805 -0.0571
vn -0.2791 -0.9565 -0.0847
vn -0.9569 -0.0000 -0.2903
vn -0.2791 0.9565 -0.0847
vn -0.1881 -0.9805 -0.0571
vn -0.9523 -0.0979 -0.2889
vn -0.3675 0.9233 -0.1115
vn -0.0952 -0.9950 -0.0289
vn -0.9386 -0.1948 -0.2847
vn -0.4522 0.8813 -0.1372
vn -0.9159 -0.2899 -0.2778
vn -0.5327 0.8308 -0.1616
vn -0.8843 -0.3821 -0.2683
vn -0.6080 0.7723 -0.1844
vn -0.8443 -0.4708 -0.2561
vn -0.6774 0.7063 -0.2055
vn -0.7961 -0.5549 -0.2415
vn -0.7403 0.6336 -0.2246
vn -0.7403 -0.6336 -0.2246
vn -0.7961 0.5549 -0.2415
vn -0.6774 -0.7063 -0.2055
vn -0.8443 0.4708 -0.2561
vn -0.6080 -0.7723 -0.1844
vn -0.8843 0.3821 -0.2683
vn -0.5327 -0.8308 -0.1616
vn -0.9159 0.2899 -0.2778
vn -0.1816 0.9805 -0.0752
vn -0.2695 0.9565 -0.1116
vn -0.2695 -0.9565 -0.1116
vn -0.1816 -0.9805 -0.0752
vn -0.9239 -0.0000 -0.3827
vn -0.9194 -0.0979 -0.3808
vn -0.3548 0.9233 -0.1469
vn -0.0920 -0.9950 -0.0381
vn -0.9062 -0.1948 -0.3754
vn -0.4366 0.8813 -0.1809
vn -0.8842 -0.2899 -0.3663
vn -0.5143 0.8308 -0.2130
vn -0.8538 -0.3821 -0.3536
vn -0.5869 0.7723 -0.2431
vn -0.8151 -0.4708 -0.3376
vn -0.6540 0.7063 -0.2709
vn -0.7686 -0.5549 -0.3184
vn -0.7147 0.6336 -0.2961
vn -0.7147 -0.6336 -0.2961
vn -0.7686 0.5549 -0.3184
vn -0.6540 -0.7063 -0.2709
vn -0.8151 0.4708 -0.3376
vn -0.5869 -0.7723 -0.2431
vn -0.8538 0.3821 -0.3536
vn -0.5143 -0.8308 -0.2130
vn -0.8842 0.2899 -0.3663
vn -0.4366 -0.8813 -0.1809
vn -0.9062 0.1948 -0.3754
vn -0.0920 0.9950 -0.0381
vn -0.3548 -0.9233 -0.1469
vn -0.9194 0.0979 -0.3808
vn -0.3386 0.9233 -0.1810
vn -0.4168 0.8813 -0.2228
vn -0.0878 -0.9950 -0.0469
vn -0.8650 -0.1948 -0.4624
vn -0.8441 -0.2899 -0.4512
vn -0.4909 0.8308 -0.2624
vn -0.8150 -0.3821 -0.4356
vn -0.5603 0.7723 -0.2995
vn -0.7781 -0.4708 -0.4159
vn -0.6243 0.7063 -0.3337
vn -0.7337 -0.5549 -0.3922
vn -0.6823 0.6336 -0.3647
vn -0.6823 -0.6336 -0.3647
vn -0.7337 0.5549 -0.3922
vn -0.6243 -0.7063 -0.3337
vn -0.7781 0.4708 -0.4159
vn -0.5603 -0.7723 -0.2995
vn -0.8150 0.3821 -0.4356
vn -0.4909 -0.8308 -0.2624
vn -0.8441 0.2899 -0.4512
vn -0.4168 -0.8813 -0.2228
vn -0.8650 0.1948 -0.4624
vn -0.0878 0.9950 -0.0469
vn -0.3386 -0.9233 -0.1810
vn -0.8777 0.0979 -0.4691
vn -0.1734 0.9805 -0.0927
vn -0.2572 -0.9565 -0.1375
vn -0.8819 -0.0000 -0.4714
vn -0.2572 0.9565 -0.1375
vn -0.1734 -0.9805 -0.0927
vn -0.8777 -0.0979 -0.4691
vn -0.4628 0.8308 -0.3092
vn -0.5282 0.7723 -0.3530
vn -0.7684 -0.3821 -0.5134
vn -0.7336 -0.4708 -0.4902
vn -0.5886 0.7063 -0.3933
vn -0.6917 -0.5549 -0.4622
vn -0.6432 0.6336 -0.4298
vn -0.6432 -0.6336 -0.4298
vn -0.6917 0.5549 -0.4622
vn -0.5886 -0.7063 -0.3933
vn -0.7336 0.4708 -0.4902
vn -0.5282 -0.7723 -0.3530
vn -0.7684 0.3821 -0.5134
vn -0.4628 -0.8308 -0.3092
vn -0.7958 0.2899 -0.5317
vn -0.3929 -0.8813 -0.2626
vn -0.8155 0.1948 -0.5449
vn -0.0828 0.9950 -0.0553
vn -0.3193 -0.9233 -0.2133
vn -0.8275 0.0979 -0.5529
vn -0.1634 0.9805 -0.1092
vn -0.2425 -0.9565 -0.1621
vn -0.8315 -0.0000 -0.5556
vn -0.2425 0.9565 -0.1621
vn -0.1634 -0.9805 -0.1092
vn -0.8275 -0.0979 -0.5529
vn -0.3193 0.9233 -0.2133
vn -0.0828 -0.9950 -0.0553
vn -0.8155 -0.1948 -0.5449
vn -0.3929 0.8813 -0.2626
vn -0.7958 -0.2899 -0.5317
vn -0.5472 0.7063 -0.4491
vn -0.5980 0.6336 -0.4908
vn -0.6431 -0.5549 -0.5278
vn -0.5980 -0.6336 -0.4908
vn -0.6431 0.5549 -0.5278
vn -0.5472 -0.7063 -0.4491
vn -0.6820 0.4708 -0.5597
vn -0.4911 -0.7723 -0.4030
vn -0.7143 0.3821 -0.5862
vn -0.4303 -0.8308 -0.3531
vn -0.7398 0.2899 -0.6072
vn -0.3653 -0.8813 -0.2998
vn -0.7582 0.1948 -0.6222
vn -0.0769 0.9950 -0.0631
vn -0.2968 -0.9233 -0.2436
vn -0.7693 0.0979 -0.6313
vn -0.1519 0.9805 -0.1247
vn -0.2255 -0.9565 -0.1850
vn -0.7730 -0.0000 -0.6344
vn -0.2255 0.9565 -0.1850
vn -0.1519 -0.9805 -0.1247
vn -0.7693 -0.0979 -0.6313
vn -0.2968 0.9233 -0.2436
vn -0.0769 -0.9950 -0.0631
vn -0.7582 -0.1948 -0.6222
vn -0.3653 0.8813 -0.2998
vn -0.7398 -0.2899 -0.6072
vn -0.4303 0.8308 -0.3531
vn -0.7143 -0.3821 -0.5862
vn -0.4911 0.7723 -0.4030
vn -0.6820 -0.4708 -0.5597
vn -0.5883 0.5549 -0.5883
vn -0.6239 0.4708 -0.6239
vn -0.5005 -0.7063 -0.5005
vn -0.4492 -0.7723 -0.4492
vn -0.6534 0.3821 -0.6534
vn -0.3936 -0.8308 -0.3936
vn -0.6767 0.2899 -0.6767
vn -0.3342 -0.8813 -0.3342
vn -0.6936 0.1948 -0.6936
vn -0.0704 0.9950 -0.0704
vn -0.2715 -0.9233 -0.2715
vn -0.7037 0.0979 -0.7037
vn -0.1390 0.9805 -0.1390
vn -0.2063 -0.9565 -0.2063
vn -0.7071 -0.0000 -0.7071
vn -0.2063 0.9565 -0.2063
vn -0.1390 -0.9805 -0.1390
vn -0.7037 -0.0979 -0.7037
vn -0.2715 0.9233 -0.2715
vn -0.0704 -0.9950 -0.0704
vn -0.6936 -0.1948 -0.6936
vn -0.3342 0.8813 -0.3342
vn -0.6767 -0.2899 -0.6767
vn -0.3936 0.8308 -0.3936
vn -0.6534 -0.3821 -0.6534
vn -0.4492 0.7723 -0.4492
vn -0.6239 -0.4708 -0.6239
vn -0.5005 0.7063 -0.5005
vn -0.5883 -0.5549 -0.5883
vn -0.5470 0.6336 -0.5470
vn -0.5470 -0.6336 -0.5470
vn -0.5862 0.3821 -0.7143
vn -0.6072 0.2899 -0.7398
vn -0.3531 -0.8308 -0.4303
vn -0.2998 -0.8813 -0.3653
vn -0.6222 0.1948 -0.7582
vn -0.0631 0.9950 -0.0769
vn -0.2436 -0.9233 -0.2968
vn -0.6313 0.0979 -0.7693
vn -0.1247 0.9805 -0.1519
vn -0.1850 -0.9565 -0.2255
vn -0.6344 -0.0000 -0.7730
vn -0.1850 0.9565 -0.2255
vn -0.1247 -0.9805 -0.1519
vn -0.6313 -0.0979 -0.7693
vn -0.2436 0.9233 -0.2968
vn -0.0631 -0.9950 -0.0769
vn -0.6222 -0.1948 -0.7582
vn -0.2998 0.8813 -0.3653
vn -0.6072 -0.2899 -0.7398
vn -0.3531 0.8308 -0.4303
vn -0.5862 -0.3821 -0.7143
vn -0.4030 0.7723 -0.4911
vn -0.5597 -0.4708 -0.6820
vn -0.4491 0.7063 -0.5472
vn -0.5278 -0.5549 -0.6431
vn -0.4908 0.6336 -0.5980
vn -0.4908 -0.6336 -0.5980
vn -0.5278 0.5549 -0.6431
vn -0.4491 -0.7063 -0.5472
vn -0.5597 0.4708 -0.6820
vn -0.4030 -0.7723 -0.4911
vn -0.5449 0.1948 -0.8155
vn -0.5529 0.0979 -0.8275
vn -0.0553 0.9950 -0.0828
vn -0.1092 0.9805 -0.1634
vn -0.2133 -0.9233 -0.3193
vn -0.1621 -0.9565 -0.2425
vn -0.5556 -0.0000 -0.8315
vn -0.1621 0.9565 -0.2425
vn -0.1092 -0.9805 -0.1634
vn -0.5529 -0.0979 -0.8275
vn -0.2133 0.9233 -0.3193
vn -0.0553 -0.9950 -0.0828
vn -0.5449 -0.1948 -0.8155
vn -0.2626 0.8813 -0.3929
vn -0.5317 -0.2899 -0.7958
vn -0.3092 0.8308 -0.4628
vn -0.5134 -0.3821 -0.7684
vn -0.3530 0.7723 -0.5282
vn -0.4902 -0.4708 -0.7336
vn -0.3933 0.7063 -0.5886
vn -0.4622 -0.5549 -0.6917
vn -0.4298 0.6336 -0.6432
vn -0.4298 -0.6336 -0.6432
vn -0.4622 0.5549 -0.6917
vn -0.3933 -0.7063 -0.5886
vn -0.4902 0.4708 -0.7336
vn -0.3530 -0.7723 -0.5282
vn -0.5134 0.3821 -0.7684
vn -0.3092 -0.8308 -0.4628
vn -0.5317 0.2899 -0.7958
vn -0.2626 -0.8813 -0.3929
vn -0.4714 -0.0000 -0.8819
vn -0.4691 -0.0979 -0.8777
vn -0.1375 0.9565 -0.2572
vn -0.1810 0.9233 -0.3386
vn -0.0927 -0.9805 -0.1734
vn -0.0469 -0.9950 -0.0878
vn -0.4624 -0.1948 -0.8650
vn -0.2228 0.8813 -0.4168
vn -0.4512 -0.2899 -0.8441
vn -0.2624 0.8308 -0.4909
vn -0.4356 -0.3821 -0.8150
vn -0.2995 0.7723 -0.5603
vn -0.4159 -0.4708 -0.7781
vn -0.3337 0.7063 -0.6243
vn -0.3922 -0.5549 -0.7337
vn -0.3647 0.6336 -0.6823
vn -0.3647 -0.6336 -0.6823
vn -0.3922 0.5549 -0.7337
vn -0.3337 -0.7063 -0.6243
vn -0.4159 0.4708 -0.7781
vn -0.2995 -0.7723 -0.5603
vn -0.4356 0.3821 -0.8150
vn -0.2624 -0.8308 -0.4909
vn -0.4512 0.2899 -0.8441
vn -0.2228 -0.8813 -0.4168
vn -0.4624 0.1948 -0.8650
vn -0.0469 0.9950 -0.0878
vn -0.1810 -0.9233 -0.3386
vn -0.4691 0.0979 -0.8777
vn -0.0927 0.9805 -0.1734
vn -0.1375 -0.9565 -0.2572
vn -0.3754 -0.1948 -0.9062
vn -0.3663 -0.2899 -0.8842
vn -0.1809 0.8813 -0.4366
vn -0.2130 0.8308 -0.5143
vn -0.3536 -0.3821 -0.8538
vn -0.2431 0.7723 -0.5869
vn -0.3376 -0.4708 -0.8151
vn -0.2709 0.7063 -0.6540
vn -0.3184 -0.5549 -0.7686
vn -0.2961 0.6336 -0.7147
vn -0.2961 -0.6336 -0.7147
vn -0.3184 0.5549 -0.7686
vn -0.2709 -0.7063 -0.6540
vn -0.3376 0.4708 -0.8151
vn -0.2431 -0.7723 -0.5869
vn -0.3536 0.3821 -0.8538
vn -0.2130 -0.8308 -0.5143
vn -0.3663 0.2899 -0.8842
vn -0.1809 -0.8813 -0.4366
vn -0.3754 0.1948 -0.9062
vn -0.0381 0.9950 -0.0920
vn -0.1469 -0.9233 -0.3548
vn -0.3808 0.0979 -0.9194
vn -0.0752 0.9805 -0.1816
vn -0.1116 -0.9565 -0.2695
vn -0.3827 -0.0000 -0.9239
vn -0.1116 0.9565 -0.2695
vn -0.0752 -0.9805 -0.1816
vn -0.3808 -0.0979 -0.9194
vn -0.1469 0.9233 -0.3548
vn -0.0381 -0.9950 -0.0920
vn -0.2683 -0.3821 -0.8843
vn -0.2561 -0.4708 -0.8443
vn -0.1844 0.7723 -0.6080
vn -0.2055 0.7063 -0.6774
vn -0.2415 -0.5549 -0.7961
vn -0.2246 0.6336 -0.7403
vn -0.2246 -0.6336 -0.7403
vn -0.2415 0.5549 -0.7961
vn -0.2055 -0.7063 -0.6774
vn -0.2561 0.4708 -0.8443
vn -0.1844 -0.7723 -0.6080
vn -0.2683 0.3821 -0.8843
vn -0.1616 -0.8308 -0.5327
vn -0.2778 0.2899 -0.9159
vn -0.1372 -0.8813 -0.4522
vn -0.2847 0.1948 -0.9386
vn -0.0289 0.9950 -0.0952
vn -0.1115 -0.9233 -0.3675
vn -0.2889 0.0979 -0.9523
vn -0.0571 0.9805 -0.1881
vn -0.0847 -0.9565 -0.2791
vn -0.2903 -0.0000 -0.9569
vn -0.0847 0.9565 -0.2791
vn -0.0571 -0.9805 -0.1881
vn -0.2889 -0.0979 -0.9523
vn -0.1115 0.9233 -0.3675
vn -0.0289 -0.9950 -0.0952
vn -0.2847 -0.1948 -0.9386
vn -0.1372 0.8813 -0.4522
vn -0.2778 -0.2899 -0.9159
vn -0.1616 0.8308 -0.5327
vn -0.1623 -0.5549 -0.8160
vn -0.1509 -0.6336 -0.7588
vn -0.1509 0.6336 -0.7588
vn -0.1623 0.5549 -0.8160
vn -0.1381 -0.7063 -0.6943
vn -0.1721 0.4708 -0.8653
vn -0.1239 -0.7723 -0.6231
vn -0.1803 0.3821 -0.9063
vn -0.1086 -0.8308 -0.5459
vn -0.1867 0.2899 -0.9387
vn -0.0922 -0.8813 -0.4635
vn -0.1914 0.1948 -0.9620
vn -0.0194 0.9950 -0.0976
vn -0.0749 -0.9233 -0.3766
vn -0.1942 0.0979 -0.9761
vn -0.0383 0.9805 -0.1928
vn -0.0569 -0.9565 -0.2861
vn -0.1951 -0.0000 -0.9808
vn -0.0569 0.9565 -0.2861
vn -0.0383 -0.9805 -0.1928
vn -0.1942 -0.0979 -0.9761
vn -0.0749 0.9233 -0.3766
vn -0.0194 -0.9950 -0.0976
vn -0.1914 -0.1948 -0.9620
vn -0.0922 0.8813 -0.4635
vn -0.1867 -0.2899 -0.9387
vn -0.1086 0.8308 -0.5459
vn -0.1803 -0.3821 -0.9063
vn -0.1239 0.7723 -0.6231
vn -0.1721 -0.4708 -0.8653
vn -0.1381 0.7063 -0.6943
vn -0.0694 -0.7063 -0.7045
vn -0.0623 -0.7723 -0.6322
vn -0.0865 0.4708 -0.8780
vn -0.0906 0.3821 -0.9197
vn -0.0546 -0.8308 -0.5539
vn -0.0938 0.2899 -0.9525
vn -0.0463 -0.8813 -0.4703
vn -0.0961 0.1948 -0.9761
vn -0.0098 0.9950 -0.0991
vn -0.0376 -0.9233 -0.3821
vn -0.0975 0.0979 -0.9904
vn -0.0193 0.9805 -0.1956
vn -0.0286 -0.9565 -0.2903
vn -0.0980 -0.0000 -0.9952
vn -0.0286 0.9565 -0.2903
vn -0.0193 -0.9805 -0.1956
vn -0.0975 -0.0979 -0.9904
vn -0.0376 0.9233 -0.3821
vn -0.0098 -0.9950 -0.0991
vn -0.0961 -0.1948 -0.9761
vn -0.0463 0.8813 -0.4703
vn -0.0938 -0.2899 -0.9525
vn -0.0546 0.8308 -0.5539
vn -0.0906 -0.3821 -0.9197
vn -0.0623 0.7723 -0.6322
vn -0.0865 -0.4708 -0.8780
vn -0.0694 0.7063 -0.7045
vn -0.0815 -0.5549 -0.8279
vn -0.0758 0.6336 -0.7699
vn -0.0758 -0.6336 -0.7699
vn -0.0815 0.5549 -0.8279
vt 0.750000 0.312500
vt 0.750000 0.343750
vt 0.734375 0.343750
vt 0.734375 0.312500
vt 0.750000 0.718750
vt 0.750000 0.750000
vt 0.734375 0.750000
vt 0.734375 0.718750
vt 0.750000 0.281250
vt 0.734375 0.281250
vt 0.750000 0.687500
vt 0.734375 0.687500
vt 0.750000 0.250000
vt 0.734375 0.250000
vt 0.750000 0.656250
vt 0.734375 0.656250
vt 0.750000 0.218750
vt 0.734375 0.218750
vt 0.750000 0.625000
vt 0.734375 0.625000
vt 0.750000 0.187500
vt 0.734375 0.187500
vt 0.750000 0.593750
vt 0.734375 0.593750
vt 0.750000 0.156250
vt 0.734375 0.156250
vt 0.750000 0.562500
vt 0.734375 0.562500
vt 0.750000 0.968750
vt 0.742188 1.000000
vt 0.734375 0.968750
vt 0.750000 0.125000
vt 0.734375 0.125000
vt 0.750000 0.531250
vt 0.734375 0.531250
vt 0.750000 0.937500
vt 0.734375 0.937500
vt 0.750000 0.093750
vt 0.734375 0.093750
vt 0.750000 0.500000
vt 0.734375 0.500000
vt 0.750000 0.906250
vt 0.734375 0.906250
vt 0.750000 0.062500
vt 0.734375 0.062500
vt 0.750000 0.468750
vt 0.734375 0.468750
vt 0.750000 0.875000
vt 0.734375 0.875000
vt 0.750000 0.031250
vt 0.734375 0.031250
vt 0.750000 0.437500
vt 0.734375 0.437500
vt 0.750000 0.843750
vt 0.734375 0.843750
vt 0.742188 0.000000
vt 0.750000 0.406250
vt 0.734375 0.406250
vt 0.750000 0.812500
vt 0.734375 0.812500
vt 0.750000 0.375000
vt 0.734375 0.375000
vt 0.750000 0.781250
vt 0.734375 0.781250
vt 0.718750 0.093750
vt 0.718750 0.062500
vt 0.718750 0.500000
vt 0.718750 0.468750
vt 0.718750 0.906250
vt 0.718750 0.875000
vt 0.718750 0.031250
vt 0.718750 0.437500
vt 0.718750 0.843750
vt 0.726562 0.000000
vt 0.718750 0.406250
vt 0.718750 0.812500
vt 0.718750 0.375000
vt 0.718750 0.781250
vt 0.718750 0.343750
vt 0.718750 0.750000
vt 0.718750 0.312500
vt 0.718750 0.718750
vt 0.718750 0.281250
vt 0.718750 0.687500
vt 0.718750 0.250000
vt 0.718750 0.656250
vt 0.718750 0.218750
vt 0.718750 0.625000
vt 0.718750 0.187500
vt 0.718750 0.593750
vt 0.718750 0.156250
vt 0.718750 0.562500
vt 0.726562 1.000000
vt 0.718750 0.968750
vt 0.718750 0.125000
vt 0.718750 0.531250
vt 0.718750 0.937500
vt 0.710938 0.000000
vt 0.703125 0.031250
vt 0.703125 0.437500
vt 0.703125 0.406250
vt 0.703125 0.843750
vt 0.703125 0.812500
vt 0.703125 0.375000
vt 0.703125 0.781250
vt 0.703125 0.343750
vt 0.703125 0.750000
vt 0.703125 0.312500
vt 0.703125 0.718750
vt 0.703125 0.281250
vt 0.703125 0.687500
vt 0.703125 0.250000
vt 0.703125 0.656250
vt 0.703125 0.218750
vt 0.703125 0.625000
vt 0.703125 0.187500
vt 0.703125 0.593750
vt 0.703125 0.156250
vt 0.703125 0.562500
vt 0.710938 1.000000
vt 0.703125 0.968750
vt 0.703125 0.125000
vt 0.703125 0.531250
vt 0.703125 0.937500
vt 0.703125 0.093750
vt 0.703125 0.500000
vt 0.703125 0.906250
vt 0.703125 0.062500
vt 0.703125 0.468750
vt 0.703125 0.875000
vt 0.687500 0.375000
vt 0.687500 0.343750
vt 0.687500 0.781250
vt 0.687500 0.750000
vt 0.687500 0.312500
vt 0.687500 0.718750
vt 0.687500 0.281250
vt 0.687500 0.687500
vt 0.687500 0.250000
vt 0.687500 0.656250
vt 0.687500 0.218750
vt 0.687500 0.625000
vt 0.687500 0.187500
vt 0.687500 0.593750
vt 0.687500 0.156250
vt 0.687500 0.562500
vt 0.695312 1.000000
vt 0.687500 0.968750
vt 0.687500 0.125000
vt 0.687500 0.531250
vt 0.687500 0.937500
vt 0.687500 0.093750
vt 0.687500 0.500000
vt 0.687500 0.906250
vt 0.687500 0.062500
vt 0.687500 0.468750
vt 0.687500 0.875000
vt 0.687500 0.031250
vt 0.687500 0.437500
vt 0.687500 0.843750
vt 0.695312 0.000000
vt 0.687500 0.406250
vt 0.687500 0.812500
vt 0.671875 0.312500
vt 0.671875 0.281250
vt 0.671875 0.718750
vt 0.671875 0.687500
vt 0.671875 0.250000
vt 0.671875 0.656250
vt 0.671875 0.218750
vt 0.671875 0.625000
vt 0.671875 0.187500
vt 0.671875 0.593750
vt 0.671875 0.156250
vt 0.671875 0.562500
vt 0.679688 1.000000
vt 0.671875 0.968750
vt 0.671875 0.125000
vt 0.671875 0.531250
vt 0.671875 0.937500
vt 0.671875 0.093750
vt 0.671875 0.500000
vt 0.671875 0.906250
vt 0.671875 0.062500
vt 0.671875 0.468750
vt 0.671875 0.875000
vt 0.671875 0.031250
vt 0.671875 0.437500
vt 0.671875 0.843750
vt 0.679688 0.000000
vt 0.671875 0.406250
vt 0.671875 0.812500
vt 0.671875 0.375000
vt 0.671875 0.781250
vt 0.671875 0.343750
vt 0.671875 0.750000
vt 0.656250 0.250000
vt 0.656250 0.218750
vt 0.656250 0.656250
vt 0.656250 0.625000
vt 0.656250 0.187500
vt 0.656250 0.593750
vt 0.656250 0.156250
vt 0.656250 0.562500
vt 0.664062 1.000000
vt 0.656250 0.968750
vt 0.656250 0.125000
vt 0.656250 0.531250
vt 0.656250 0.937500
vt 0.656250 0.093750
vt 0.656250 0.500000
vt 0.656250 0.906250
vt 0.656250 0.062500
vt 0.656250 0.468750
vt 0.656250 0.875000
vt 0.656250 0.031250
vt 0.656250 0.437500
vt 0.656250 0.843750
vt 0.664062 0.000000
vt 0.656250 0.406250
vt 0.656250 0.812500
vt 0.656250 0.375000
vt 0.656250 0.781250
vt 0.656250 0.343750
vt 0.656250 0.750000
vt 0.656250 0.312500
vt 0.656250 0.718750
vt 0.656250 0.281250
vt 0.656250 0.687500
vt 0.640625 0.187500
vt 0.640625 0.156250
vt 0.640625 0.593750
vt 0.640625 0.562500
vt 0.648438 1.000000
vt 0.640625 0.968750
vt 0.640625 0.125000
vt 0.640625 0.531250
vt 0.640625 0.937500
vt 0.640625 0.093750
vt 0.640625 0.500000
vt 0.640625 0.906250
vt 0.640625 0.062500
vt 0.640625 0.468750
vt 0.640625 0.875000
vt 0.640625 0.031250
vt 0.640625 0.437500
vt 0.640625 0.843750
vt 0.648438 0.000000
vt 0.640625 0.406250
vt 0.640625 0.812500
vt 0.640625 0.375000
vt 0.640625 0.781250
vt 0.640625 0.343750
vt 0.640625 0.750000
vt 0.640625 0.312500
vt 0.640625 0.718750
vt 0.640625 0.281250
vt 0.640625 0.687500
vt 0.640625 0.250000
vt 0.640625 0.656250
vt 0.640625 0.218750
vt 0.640625 0.625000
vt 0.625000 0.968750
vt 0.625000 0.937500
vt 0.625000 0.125000
vt 0.625000 0.093750
vt 0.625000 0.531250
vt 0.625000 0.500000
vt 0.625000 0.906250
vt 0.625000 0.062500
vt 0.625000 0.468750
vt 0.625000 0.875000
vt 0.625000 0.031250
vt 0.625000 0.437500
vt 0.625000 0.843750
vt 0.632812 0.000000
vt 0.625000 0.406250
vt 0.625000 0.812500
vt 0.625000 0.375000
vt 0.625000 0.781250
vt 0.625000 0.343750
vt 0.625000 0.750000
vt 0.625000 0.312500
vt 0.625000 0.718750
vt 0.625000 0.281250
vt 0.625000 0.687500
vt 0.625000 0.250000
vt 0.625000 0.656250
vt 0.625000 0.218750
vt 0.625000 0.625000
vt 0.625000 0.187500
vt 0.625000 0.593750
vt 0.625000 0.156250
vt 0.625000 0.562500
vt 0.632812 1.000000
vt 0.609375 0.906250
vt 0.609375 0.875000
vt 0.609375 0.062500
vt 0.609375 0.031250
vt 0.609375 0.468750
vt 0.609375 0.437500
vt 0.609375 0.843750
vt 0.617188 0.000000
vt 0.609375 0.406250
vt 0.609375 0.812500
vt 0.609375 0.375000
vt 0.609375 0.781250
vt 0.609375 0.343750
vt 0.609375 0.750000
vt 0.609375 0.312500
vt 0.609375 0.718750
vt 0.609375 0.281250
vt 0.609375 0.687500
vt 0.609375 0.250000
vt 0.609375 0.656250
vt 0.609375 0.218750
vt 0.609375 0.625000
vt 0.609375 0.187500
vt 0.609375 0.593750
vt 0.609375 0.156250
vt 0.609375 0.562500
vt 0.617188 1.000000
vt 0.609375 0.968750
vt 0.609375 0.125000
vt 0.609375 0.531250
vt 0.609375 0.937500
vt 0.609375 0.093750
vt 0.609375 0.500000
vt 0.593750 0.843750
vt 0.593750 0.812500
vt 0.593750 0.406250
vt 0.593750 0.375000
vt 0.593750 0.781250
vt 0.593750 0.343750
vt 0.593750 0.750000
vt 0.593750 0.312500
vt 0.593750 0.718750
vt 0.593750 0.281250
vt 0.593750 0.687500
vt 0.593750 0.250000
vt 0.593750 0.656250
vt 0.593750 0.218750
vt 0.593750 0.625000
vt 0.593750 0.187500
vt 0.593750 0.593750
vt 0.593750 0.156250
vt 0.593750 0.562500
vt 0.601562 1.000000
vt 0.593750 0.968750
vt 0.593750 0.125000
vt 0.593750 0.531250
vt 0.593750 0.937500
vt 0.593750 0.093750
vt 0.593750 0.500000
vt 0.593750 0.906250
vt 0.593750 0.062500
vt 0.593750 0.468750
vt 0.593750 0.875000
vt 0.593750 0.031250
vt 0.593750 0.437500
vt 0.601562 0.000000
vt 0.578125 0.781250
vt 0.578125 0.750000
vt 0.578125 0.343750
vt 0.578125 0.312500
vt 0.578125 0.718750
vt 0.578125 0.281250
vt 0.578125 0.687500
vt 0.578125 0.250000
vt 0.578125 0.656250
vt 0.578125 0.218750
vt 0.578125 0.625000
vt 0.578125 0.187500
vt 0.578125 0.593750
vt 0.578125 0.156250
vt 0.578125 0.562500
vt 0.585938 1.000000
vt 0.578125 0.968750
vt 0.578125 0.125000
vt 0.578125 0.531250
vt 0.578125 0.937500
vt 0.578125 0.093750
vt 0.578125 0.500000
vt 0.578125 0.906250
vt 0.578125 0.062500
vt 0.578125 0.468750
vt 0.578125 0.875000
vt 0.578125 0.031250
vt 0.578125 0.437500
vt 0.578125 0.843750
vt 0.585938 0.000000
vt 0.578125 0.406250
vt 0.578125 0.812500
vt 0.578125 0.375000
vt 0.562500 0.718750
vt 0.562500 0.687500
vt 0.562500 0.281250
vt 0.562500 0.250000
vt 0.562500 0.656250
vt 0.562500 0.218750
vt 0.562500 0.625000
vt 0.562500 0.187500
vt 0.562500 0.593750
vt 0.562500 0.156250
vt 0.562500 0.562500
vt 0.570312 1.000000
vt 0.562500 0.968750
vt 0.562500 0.125000
vt 0.562500 0.531250
vt 0.562500 0.937500
vt 0.562500 0.093750
vt 0.562500 0.500000
vt 0.562500 0.906250
vt 0.562500 0.062500
vt 0.562500 0.468750
vt 0.562500 0.875000
vt 0.562500 0.031250
vt 0.562500 0.437500
vt 0.562500 0.843750
vt 0.570312 0.000000
vt 0.562500 0.406250
vt 0.562500 0.812500
vt 0.562500 0.375000
vt 0.562500 0.781250
vt 0.562500 0.343750
vt 0.562500 0.750000
vt 0.562500 0.312500
vt 0.546875 0.656250
vt 0.546875 0.625000
vt 0.546875 0.218750
vt 0.546875 0.187500
vt 0.546875 0.593750
vt 0.546875 0.156250
vt 0.546875 0.562500
vt 0.554688 1.000000
vt 0.546875 0.968750
vt 0.546875 0.125000
vt 0.546875 0.531250
vt 0.546875 0.937500
vt 0.546875 0.093750
vt 0.546875 0.500000
vt 0.546875 0.906250
vt 0.546875 0.062500
vt 0.546875 0.468750
vt 0.546875 0.875000
vt 0.546875 0.031250
vt 0.546875 0.437500
vt 0.546875 0.843750
vt 0.554688 0.000000
vt 0.546875 0.406250
vt 0.546875 0.812500
vt 0.546875 0.375000
vt 0.546875 0.781250
vt 0.546875 0.343750
vt 0.546875 0.750000
vt 0.546875 0.312500
vt 0.546875 0.718750
vt 0.546875 0.281250
vt 0.546875 0.687500
vt 0.546875 0.250000
vt 0.531250 0.593750
vt 0.531250 0.562500
vt 0.539062 1.000000
vt 0.531250 0.968750
vt 0.531250 0.156250
vt 0.531250 0.125000
vt 0.531250 0.531250
vt 0.531250 0.937500
vt 0.531250 0.093750
vt 0.531250 0.500000
vt 0.531250 0.906250
vt 0.531250 0.062500
vt 0.531250 0.468750
vt 0.531250 0.875000
vt 0.531250 0.031250
vt 0.531250 0.437500
vt 0.531250 0.843750
vt 0.539062 0.000000
vt 0.531250 0.406250
vt 0.531250 0.812500
vt 0.531250 0.375000
vt 0.531250 0.781250
vt 0.531250 0.343750
vt 0.531250 0.750000
vt 0.531250 0.312500
vt 0.531250 0.718750
vt 0.531250 0.281250
vt 0.531250 0.687500
vt 0.531250 0.250000
vt 0.531250 0.656250
vt 0.531250 0.218750
vt 0.531250 0.625000
vt 0.531250 0.187500
vt 0.515625 0.531250
vt 0.515625 0.500000
vt 0.515625 0.937500
vt 0.515625 0.906250
vt 0.515625 0.093750
vt 0.515625 0.062500
vt 0.515625 0.468750
vt 0.515625 0.875000
vt 0.515625 0.031250
vt 0.515625 0.437500
vt 0.515625 0.843750
vt 0.523438 0.000000
vt 0.515625 0.406250
vt 0.515625 0.812500
vt 0.515625 0.375000
vt 0.515625 0.781250
vt 0.515625 0.343750
vt 0.515625 0.750000
vt 0.515625 0.312500
vt 0.515625 0.718750
vt 0.515625 0.281250
vt 0.515625 0.687500
vt 0.515625 0.250000
vt 0.515625 0.656250
vt 0.515625 0.218750
vt 0.515625 0.625000
vt 0.515625 0.187500
vt 0.515625 0.593750
vt 0.515625 0.156250
vt 0.515625 0.562500
vt 0.523438 1.000000
vt 0.515625 0.968750
vt 0.515625 0.125000
vt 0.500000 0.468750
vt 0.500000 0.437500
vt 0.500000 0.875000
vt 0.500000 0.843750
vt 0.507812 0.000000
vt 0.500000 0.031250
vt 0.500000 0.406250
vt 0.500000 0.812500
vt 0.500000 0.375000
vt 0.500000 0.781250
vt 0.500000 0.343750
vt 0.500000 0.750000
vt 0.500000 0.312500
vt 0.500000 0.718750
vt 0.500000 0.281250
vt 0.500000 0.687500
vt 0.500000 0.250000
vt 0.500000 0.656250
vt 0.500000 0.218750
vt 0.500000 0.625000
vt 0.500000 0.187500
vt 0.500000 0.593750
vt 0.500000 0.156250
vt 0.500000 0.562500
vt 0.507812 1.000000
vt 0.500000 0.968750
vt 0.500000 0.125000
vt 0.500000 0.531250
vt 0.500000 0.937500
vt 0.500000 0.093750
vt 0.500000 0.500000
vt 0.500000 0.906250
vt 0.500000 0.062500
vt 0.484375 0.406250
vt 0.484375 0.375000
vt 0.484375 0.812500
vt 0.484375 0.781250
vt 0.484375 0.343750
vt 0.484375 0.750000
vt 0.484375 0.312500
vt 0.484375 0.718750
vt 0.484375 0.281250
vt 0.484375 0.687500
vt 0.484375 0.250000
vt 0.484375 0.656250
vt 0.484375 0.218750
vt 0.484375 0.625000
vt 0.484375 0.187500
vt 0.484375 0.593750
vt 0.484375 0.156250
vt 0.484375 0.562500
vt 0.492188 1.000000
vt 0.484375 0.968750
vt 0.484375 0.125000
vt 0.484375 0.531250
vt 0.484375 0.937500
vt 0.484375 0.093750
vt 0.484375 0.500000
vt 0.484375 0.906250
vt 0.484375 0.062500
vt 0.484375 0.468750
vt 0.484375 0.875000
vt 0.484375 0.031250
vt 0.484375 0.437500
vt 0.484375 0.843750
vt 0.492188 0.000000
vt 0.468750 0.343750
vt 0.468750 0.312500
vt 0.468750 0.750000
vt 0.468750 0.718750
vt 0.468750 0.281250
vt 0.468750 0.687500
vt 0.468750 0.250000
vt 0.468750 0.656250
vt 0.468750 0.218750
vt 0.468750 0.625000
vt 0.468750 0.187500
vt 0.468750 0.593750
vt 0.468750 0.156250
vt 0.468750 0.562500
vt 0.476562 1.000000
vt 0.468750 0.968750
vt 0.468750 0.125000
vt 0.468750 0.531250
vt 0.468750 0.937500
vt 0.468750 0.093750
vt 0.468750 0.500000
vt 0.468750 0.906250
vt 0.468750 0.062500
vt 0.468750 0.468750
vt 0.468750 0.875000
vt 0.468750 0.031250
vt 0.468750 0.437500
vt 0.468750 0.843750
vt 0.476562 0.000000
vt 0.468750 0.406250
vt 0.468750 0.812500
vt 0.468750 0.375000
vt 0.468750 0.781250
vt 0.453125 0.281250
vt 0.453125 0.250000
vt 0.453125 0.687500
vt 0.453125 0.656250
vt 0.453125 0.218750
vt 0.453125 0.625000
vt 0.453125 0.187500
vt 0.453125 0.593750
vt 0.453125 0.156250
vt 0.453125 0.562500
vt 0.460938 1.000000
vt 0.453125 0.968750
vt 0.453125 0.125000
vt 0.453125 0.531250
vt 0.453125 0.937500
vt 0.453125 0.093750
vt 0.453125 0.500000
vt 0.453125 0.906250
vt 0.453125 0.062500
vt 0.453125 0.468750
vt 0.453125 0.875000
vt 0.453125 0.031250
vt 0.453125 0.437500
vt 0.453125 0.843750
vt 0.460938 0.000000
vt 0.453125 0.406250
vt 0.453125 0.812500
vt 0.453125 0.375000
vt 0.453125 0.781250
vt 0.453125 0.343750
vt 0.453125 0.750000
vt 0.453125 0.312500
vt 0.453125 0.718750
vt 0.437500 0.218750
vt 0.437500 0.187500
vt 0.437500 0.625000
vt 0.437500 0.593750
vt 0.437500 0.156250
vt 0.437500 0.562500
vt 0.445312 1.000000
vt 0.437500 0.968750
vt 0.437500 0.125000
vt 0.437500 0.531250
vt 0.437500 0.937500
vt 0.437500 0.093750
vt 0.437500 0.500000
vt 0.437500 0.906250
vt 0.437500 0.062500
vt 0.437500 0.468750
vt 0.437500 0.875000
vt 0.437500 0.031250
vt 0.437500 0.437500
vt 0.437500 0.843750
vt 0.445312 0.000000
vt 0.437500 0.406250
vt 0.437500 0.812500
vt 0.437500 0.375000
vt 0.437500 0.781250
vt 0.437500 0.343750
vt 0.437500 0.750000
vt 0.437500 0.312500
vt 0.437500 0.718750
vt 0.437500 0.281250
vt 0.437500 0.687500
vt 0.437500 0.250000
vt 0.437500 0.656250
vt 0.429688 1.000000
vt 0.421875 0.968750
vt 0.421875 0.156250
vt 0.421875 0.125000
vt 0.421875 0.562500
vt 0.421875 0.531250
vt 0.421875 0.937500
vt 0.421875 0.093750
vt 0.421875 0.500000
vt 0.421875 0.906250
vt 0.421875 0.062500
vt 0.421875 0.468750
vt 0.421875 0.875000
vt 0.421875 0.031250
vt 0.421875 0.437500
vt 0.421875 0.843750
vt 0.429688 0.000000
vt 0.421875 0.406250
vt 0.421875 0.812500
vt 0.421875 0.375000
vt 0.421875 0.781250
vt 0.421875 0.343750
vt 0.421875 0.750000
vt 0.421875 0.312500
vt 0.421875 0.718750
vt 0.421875 0.281250
vt 0.421875 0.687500
vt 0.421875 0.250000
vt 0.421875 0.656250
vt 0.421875 0.218750
vt 0.421875 0.625000
vt 0.421875 0.187500
vt 0.421875 0.593750
vt 0.406250 0.937500
vt 0.406250 0.906250
vt 0.406250 0.093750
vt 0.406250 0.062500
vt 0.406250 0.500000
vt 0.406250 0.468750
vt 0.406250 0.875000
vt 0.406250 0.031250
vt 0.406250 0.437500
vt 0.406250 0.843750
vt 0.414062 0.000000
vt 0.406250 0.406250
vt 0.406250 0.812500
vt 0.406250 0.375000
vt 0.406250 0.781250
vt 0.406250 0.343750
vt 0.406250 0.750000
vt 0.406250 0.312500
vt 0.406250 0.718750
vt 0.406250 0.281250
vt 0.406250 0.687500
vt 0.406250 0.250000
vt 0.406250 0.656250
vt 0.406250 0.218750
vt 0.406250 0.625000
vt 0.406250 0.187500
vt 0.406250 0.593750
vt 0.406250 0.156250
vt 0.406250 0.562500
vt 0.414062 1.000000
vt 0.406250 0.968750
vt 0.406250 0.125000
vt 0.406250 0.531250
vt 0.390625 0.875000
vt 0.390625 0.843750
vt 0.398438 0.000000
vt 0.390625 0.031250
vt 0.390625 0.437500
vt 0.390625 0.406250
vt 0.390625 0.812500
vt 0.390625 0.375000
vt 0.390625 0.781250
vt 0.390625 0.343750
vt 0.390625 0.750000
vt 0.390625 0.312500
vt 0.390625 0.718750
vt 0.390625 0.281250
vt 0.390625 0.687500
vt 0.390625 0.250000
vt 0.390625 0.656250
vt 0.390625 0.218750
vt 0.390625 0.625000
vt 0.390625 0.187500
vt 0.390625 0.593750
vt 0.390625 0.156250
vt 0.390625 0.562500
vt 0.398438 1.000000
vt 0.390625 0.968750
vt 0.390625 0.125000
vt 0.390625 0.531250
vt 0.390625 0.937500
vt 0.390625 0.093750
vt 0.390625 0.500000
vt 0.390625 0.906250
vt 0.390625 0.062500
vt 0.390625 0.468750
vt 0.375000 0.812500
vt 0.375000 0.781250
vt 0.375000 0.375000
vt 0.375000 0.343750
vt 0.375000 0.750000
vt 0.375000 0.312500
vt 0.375000 0.718750
vt 0.375000 0.281250
vt 0.375000 0.687500
vt 0.375000 0.250000
vt 0.375000 0.656250
vt 0.375000 0.218750
vt 0.375000 0.625000
vt 0.375000 0.187500
vt 0.375000 0.593750
vt 0.375000 0.156250
vt 0.375000 0.562500
vt 0.382812 1.000000
vt 0.375000 0.968750
vt 0.375000 0.125000
vt 0.375000 0.531250
vt 0.375000 0.937500
vt 0.375000 0.093750
vt 0.375000 0.500000
vt 0.375000 0.906250
vt 0.375000 0.062500
vt 0.375000 0.468750
vt 0.375000 0.875000
vt 0.375000 0.031250
vt 0.375000 0.437500
vt 0.375000 0.843750
vt 0.382812 0.000000
vt 0.375000 0.406250
vt 0.359375 0.750000
vt 0.359375 0.718750
vt 0.359375 0.312500
vt 0.359375 0.281250
vt 0.359375 0.687500
vt 0.359375 0.250000
vt 0.359375 0.656250
vt 0.359375 0.218750
vt 0.359375 0.625000
vt 0.359375 0.187500
vt 0.359375 0.593750
vt 0.359375 0.156250
vt 0.359375 0.562500
vt 0.367188 1.000000
vt 0.359375 0.968750
vt 0.359375 0.125000
vt 0.359375 0.531250
vt 0.359375 0.937500
vt 0.359375 0.093750
vt 0.359375 0.500000
vt 0.359375 0.906250
vt 0.359375 0.062500
vt 0.359375 0.468750
vt 0.359375 0.875000
vt 0.359375 0.031250
vt 0.359375 0.437500
vt 0.359375 0.843750
vt 0.367188 0.000000
vt 0.359375 0.406250
vt 0.359375 0.812500
vt 0.359375 0.375000
vt 0.359375 0.781250
vt 0.359375 0.343750
vt 0.343750 0.687500
vt 0.343750 0.656250
vt 0.343750 0.250000
vt 0.343750 0.218750
vt 0.343750 0.625000
vt 0.343750 0.187500
vt 0.343750 0.593750
vt 0.343750 0.156250
vt 0.343750 0.562500
vt 0.351562 1.000000
vt 0.343750 0.968750
vt 0.343750 0.125000
vt 0.343750 0.531250
vt 0.343750 0.937500
vt 0.343750 0.093750
vt 0.343750 0.500000
vt 0.343750 0.906250
vt 0.343750 0.062500
vt 0.343750 0.468750
vt 0.343750 0.875000
vt 0.343750 0.031250
vt 0.343750 0.437500
vt 0.343750 0.843750
vt 0.351562 0.000000
vt 0.343750 0.406250
vt 0.343750 0.812500
vt 0.343750 0.375000
vt 0.343750 0.781250
vt 0.343750 0.343750
vt 0.343750 0.750000
vt 0.343750 0.312500
vt 0.343750 0.718750
vt 0.343750 0.281250
vt 0.328125 0.406250
vt 0.328125 0.375000
vt 0.328125 0.812500
vt 0.328125 0.781250
vt 0.328125 0.343750
vt 0.328125 0.750000
vt 0.328125 0.312500
vt 0.328125 0.718750
vt 0.328125 0.281250
vt 0.328125 0.687500
vt 0.328125 0.250000
vt 0.328125 0.656250
vt 0.328125 0.218750
vt 0.328125 0.625000
vt 0.328125 0.187500
vt 0.328125 0.593750
vt 0.328125 0.156250
vt 0.328125 0.562500
vt 0.335937 1.000000
vt 0.328125 0.968750
vt 0.328125 0.125000
vt 0.328125 0.531250
vt 0.328125 0.937500
vt 0.328125 0.093750
vt 0.328125 0.500000
vt 0.328125 0.906250
vt 0.328125 0.062500
vt 0.328125 0.468750
vt 0.328125 0.875000
vt 0.328125 0.031250
vt 0.328125 0.437500
vt 0.328125 0.843750
vt 0.335937 0.000000
vt 0.312500 0.343750
vt 0.312500 0.312500
vt 0.312500 0.750000
vt 0.312500 0.718750
vt 0.312500 0.281250
vt 0.312500 0.687500
vt 0.312500 0.250000
vt 0.312500 0.656250
vt 0.312500 0.218750
vt 0.312500 0.625000
vt 0.312500 0.187500
vt 0.312500 0.593750
vt 0.312500 0.156250
vt 0.312500 0.562500
vt 0.320312 1.000000
vt 0.312500 0.968750
vt 0.312500 0.125000
vt 0.312500 0.531250
vt 0.312500 0.937500
vt 0.312500 0.093750
vt 0.312500 0.500000
vt 0.312500 0.906250
vt 0.312500 0.062500
vt 0.312500 0.468750
vt 0.312500 0.875000
vt 0.312500 0.031250
vt 0.312500 0.437500
vt 0.312500 0.843750
vt 0.320312 0.000000
vt 0.312500 0.406250
vt 0.312500 0.812500
vt 0.312500 0.375000
vt 0.312500 0.781250
vt 0.296875 0.281250
vt 0.296875 0.250000
vt 0.296875 0.687500
vt 0.296875 0.656250
vt 0.296875 0.218750
vt 0.296875 0.625000
vt 0.296875 0.187500
vt 0.296875 0.593750
vt 0.296875 0.156250
vt 0.296875 0.562500
vt 0.304688 1.000000
vt 0.296875 0.968750
vt 0.296875 0.125000
vt 0.296875 0.531250
vt 0.296875 0.937500
vt 0.296875 0.093750
vt 0.296875 0.500000
vt 0.296875 0.906250
vt 0.296875 0.062500
vt 0.296875 0.468750
vt 0.296875 0.875000
vt 0.296875 0.031250
vt 0.296875 0.437500
vt 0.296875 0.843750
vt 0.304688 0.000000
vt 0.296875 0.406250
vt 0.296875 0.812500
vt 0.296875 0.375000
vt 0.296875 0.781250
vt 0.296875 0.343750
vt 0.296875 0.750000
vt 0.296875 0.312500
vt 0.296875 0.718750
vt 0.281250 0.218750
vt 0.281250 0.187500
vt 0.281250 0.625000
vt 0.281250 0.593750
vt 0.281250 0.156250
vt 0.281250 0.562500
vt 0.289062 1.000000
vt 0.281250 0.968750
vt 0.281250 0.125000
vt 0.281250 0.531250
vt 0.281250 0.937500
vt 0.281250 0.093750
vt 0.281250 0.500000
vt 0.281250 0.906250
vt 0.281250 0.062500
vt 0.281250 0.468750
vt 0.281250 0.875000
vt 0.281250 0.031250
vt 0.281250 0.437500
vt 0.281250 0.843750
vt 0.289062 0.000000
vt 0.281250 0.406250
vt 0.281250 0.812500
vt 0.281250 0.375000
vt 0.281250 0.781250
vt 0.281250 0.343750
vt 0.281250 0.750000
vt 0.281250 0.312500
vt 0.281250 0.718750
vt 0.281250 0.281250
vt 0.281250 0.687500
vt 0.281250 0.250000
vt 0.281250 0.656250
vt 0.273438 1.000000
vt 0.265625 0.968750
vt 0.265625 0.156250
vt 0.265625 0.125000
vt 0.265625 0.562500
vt 0.265625 0.531250
vt 0.265625 0.937500
vt 0.265625 0.093750
vt 0.265625 0.500000
vt 0.265625 0.906250
vt 0.265625 0.062500
vt 0.265625 0.468750
vt 0.265625 0.875000
vt 0.265625 0.031250
vt 0.265625 0.437500
vt 0.265625 0.843750
vt 0.273438 0.000000
vt 0.265625 0.406250
vt 0.265625 0.812500
vt 0.265625 0.375000
vt 0.265625 0.781250
vt 0.265625 0.343750
vt 0.265625 0.750000
vt 0.265625 0.312500
vt 0.265625 0.718750
vt 0.265625 0.281250
vt 0.265625 0.687500
vt 0.265625 0.250000
vt 0.265625 0.656250
vt 0.265625 0.218750
vt 0.265625 0.625000
vt 0.265625 0.187500
vt 0.265625 0.593750
vt 0.250000 0.937500
vt 0.250000 0.906250
vt 0.250000 0.093750
vt 0.250000 0.062500
vt 0.250000 0.500000
vt 0.250000 0.468750
vt 0.250000 0.875000
vt 0.250000 0.031250
vt 0.250000 0.437500
vt 0.250000 0.843750
vt 0.257812 0.000000
vt 0.250000 0.406250
vt 0.250000 0.812500
vt 0.250000 0.375000
vt 0.250000 0.781250
vt 0.250000 0.343750
vt 0.250000 0.750000
vt 0.250000 0.312500
vt 0.250000 0.718750
vt 0.250000 0.281250
vt 0.250000 0.687500
vt 0.250000 0.250000
vt 0.250000 0.656250
vt 0.250000 0.218750
vt 0.250000 0.625000
vt 0.250000 0.187500
vt 0.250000 0.593750
vt 0.250000 0.156250
vt 0.250000 0.562500
vt 0.257812 1.000000
vt 0.250000 0.968750
vt 0.250000 0.125000
vt 0.250000 0.531250
vt 0.234375 0.875000
vt 0.234375 0.843750
vt 0.242187 0.000000
vt 0.234375 0.031250
vt 0.234375 0.437500
vt 0.234375 0.406250
vt 0.234375 0.812500
vt 0.234375 0.375000
vt 0.234375 0.781250
vt 0.234375 0.343750
vt 0.234375 0.750000
vt 0.234375 0.312500
vt 0.234375 0.718750
vt 0.234375 0.281250
vt 0.234375 0.687500
vt 0.234375 0.250000
vt 0.234375 0.656250
vt 0.234375 0.218750
vt 0.234375 0.625000
vt 0.234375 0.187500
vt 0.234375 0.593750
vt 0.234375 0.156250
vt 0.234375 0.562500
vt 0.242187 1.000000
vt 0.234375 0.968750
vt 0.234375 0.125000
vt 0.234375 0.531250
vt 0.234375 0.937500
vt 0.234375 0.093750
vt 0.234375 0.500000
vt 0.234375 0.906250
vt 0.234375 0.062500
vt 0.234375 0.468750
vt 0.218750 0.812500
vt 0.218750 0.781250
vt 0.218750 0.375000
vt 0.218750 0.343750
vt 0.218750 0.750000
vt 0.218750 0.312500
vt 0.218750 0.718750
vt 0.218750 0.281250
vt 0.218750 0.687500
vt 0.218750 0.250000
vt 0.218750 0.656250
vt 0.218750 0.218750
vt 0.218750 0.625000
vt 0.218750 0.187500
vt 0.218750 0.593750
vt 0.218750 0.156250
vt 0.218750 0.562500
vt 0.226562 1.000000
vt 0.218750 0.968750
vt 0.218750 0.125000
vt 0.218750 0.531250
vt 0.218750 0.937500
vt 0.218750 0.093750
vt 0.218750 0.500000
vt 0.218750 0.906250
vt 0.218750 0.062500
vt 0.218750 0.468750
vt 0.218750 0.875000
vt 0.218750 0.031250
vt 0.218750 0.437500
vt 0.218750 0.843750
vt 0.226562 0.000000
vt 0.218750 0.406250
vt 0.203125 0.750000
vt 0.203125 0.718750
vt 0.203125 0.312500
vt 0.203125 0.281250
vt 0.203125 0.687500
vt 0.203125 0.250000
vt 0.203125 0.656250
vt 0.203125 0.218750
vt 0.203125 0.625000
vt 0.203125 0.187500
vt 0.203125 0.593750
vt 0.203125 0.156250
vt 0.203125 0.562500
vt 0.210938 1.000000
vt 0.203125 0.968750
vt 0.203125 0.125000
vt 0.203125 0.531250
vt 0.203125 0.937500
vt 0.203125 0.093750
vt 0.203125 0.500000
vt 0.203125 0.906250
vt 0.203125 0.062500
vt 0.203125 0.468750
vt 0.203125 0.875000
vt 0.203125 0.031250
vt 0.203125 0.437500
vt 0.203125 0.843750
vt 0.210938 0.000000
vt 0.203125 0.406250
vt 0.203125 0.812500
vt 0.203125 0.375000
vt 0.203125 0.781250
vt 0.203125 0.343750
vt 0.187500 0.687500
vt 0.187500 0.656250
vt 0.187500 0.250000
vt 0.187500 0.218750
vt 0.187500 0.625000
vt 0.187500 0.187500
vt 0.187500 0.593750
vt 0.187500 0.156250
vt 0.187500 0.562500
vt 0.195312 1.000000
vt 0.187500 0.968750
vt 0.187500 0.125000
vt 0.187500 0.531250
vt 0.187500 0.937500
vt 0.187500 0.093750
vt 0.187500 0.500000
vt 0.187500 0.906250
vt 0.187500 0.062500
vt 0.187500 0.468750
vt 0.187500 0.875000
vt 0.187500 0.031250
vt 0.187500 0.437500
vt 0.187500 0.843750
vt 0.195312 0.000000
vt 0.187500 0.406250
vt 0.187500 0.812500
vt 0.187500 0.375000
vt 0.187500 0.781250
vt 0.187500 0.343750
vt 0.187500 0.750000
vt 0.187500 0.312500
vt 0.187500 0.718750
vt 0.187500 0.281250
vt 0.171875 0.625000
vt 0.171875 0.593750
vt 0.171875 0.187500
vt 0.171875 0.156250
vt 0.171875 0.562500
vt 0.179687 1.000000
vt 0.171875 0.968750
vt 0.171875 0.125000
vt 0.171875 0.531250
vt 0.171875 0.937500
vt 0.171875 0.093750
vt 0.171875 0.500000
vt 0.171875 0.906250
vt 0.171875 0.062500
vt 0.171875 0.468750
vt 0.171875 0.875000
vt 0.171875 0.031250
vt 0.171875 0.437500
vt 0.171875 0.843750
vt 0.179687 0.000000
vt 0.171875 0.406250
vt 0.171875 0.812500
vt 0.171875 0.375000
vt 0.171875 0.781250
vt 0.171875 0.343750
vt 0.171875 0.750000
vt 0.171875 0.312500
vt 0.171875 0.718750
vt 0.171875 0.281250
vt 0.171875 0.687500
vt 0.171875 0.250000
vt 0.171875 0.656250
vt 0.171875 0.218750
vt 0.156250 0.562500
vt 0.156250 0.531250
vt 0.156250 0.968750
vt 0.156250 0.937500
vt 0.156250 0.125000
vt 0.156250 0.093750
vt 0.156250 0.500000
vt 0.156250 0.906250
vt 0.156250 0.062500
vt 0.156250 0.468750
vt 0.156250 0.875000
vt 0.156250 0.031250
vt 0.156250 0.437500
vt 0.156250 0.843750
vt 0.164062 0.000000
vt 0.156250 0.406250
vt 0.156250 0.812500
vt 0.156250 0.375000
vt 0.156250 0.781250
vt 0.156250 0.343750
vt 0.156250 0.750000
vt 0.156250 0.312500
vt 0.156250 0.718750
vt 0.156250 0.281250
vt 0.156250 0.687500
vt 0.156250 0.250000
vt 0.156250 0.656250
vt 0.156250 0.218750
vt 0.156250 0.625000
vt 0.156250 0.187500
vt 0.156250 0.593750
vt 0.156250 0.156250
vt 0.164062 1.000000
vt 0.140625 0.500000
vt 0.140625 0.468750
vt 0.140625 0.906250
vt 0.140625 0.875000
vt 0.140625 0.062500
vt 0.140625 0.031250
vt 0.140625 0.437500
vt 0.140625 0.843750
vt 0.148438 0.000000
vt 0.140625 0.406250
vt 0.140625 0.812500
vt 0.140625 0.375000
vt 0.140625 0.781250
vt 0.140625 0.343750
vt 0.140625 0.750000
vt 0.140625 0.312500
vt 0.140625 0.718750
vt 0.140625 0.281250
vt 0.140625 0.687500
vt 0.140625 0.250000
vt 0.140625 0.656250
vt 0.140625 0.218750
vt 0.140625 0.625000
vt 0.140625 0.187500
vt 0.140625 0.593750
vt 0.140625 0.156250
vt 0.140625 0.562500
vt 0.148438 1.000000
vt 0.140625 0.968750
vt 0.140625 0.125000
vt 0.140625 0.531250
vt 0.140625 0.937500
vt 0.140625 0.093750
vt 0.125000 0.437500
vt 0.125000 0.406250
vt 0.125000 0.843750
vt 0.125000 0.812500
vt 0.125000 0.375000
vt 0.125000 0.781250
vt 0.125000 0.343750
vt 0.125000 0.750000
vt 0.125000 0.312500
vt 0.125000 0.718750
vt 0.125000 0.281250
vt 0.125000 0.687500
vt 0.125000 0.250000
vt 0.125000 0.656250
vt 0.125000 0.218750
vt 0.125000 0.625000
vt 0.125000 0.187500
vt 0.125000 0.593750
vt 0.125000 0.156250
vt 0.125000 0.562500
vt 0.132812 1.000000
vt 0.125000 0.968750
vt 0.125000 0.125000
vt 0.125000 0.531250
vt 0.125000 0.937500
vt 0.125000 0.093750
vt 0.125000 0.500000
vt 0.125000 0.906250
vt 0.125000 0.062500
vt 0.125000 0.468750
vt 0.125000 0.875000
vt 0.125000 0.031250
vt 0.132812 0.000000
vt 0.109375 0.375000
vt 0.109375 0.343750
vt 0.109375 0.781250
vt 0.109375 0.750000
vt 0.109375 0.312500
vt 0.109375 0.718750
vt 0.109375 0.281250
vt 0.109375 0.687500
vt 0.109375 0.250000
vt 0.109375 0.656250
vt 0.109375 0.218750
vt 0.109375 0.625000
vt 0.109375 0.187500
vt 0.109375 0.593750
vt 0.109375 0.156250
vt 0.109375 0.562500
vt 0.117188 1.000000
vt 0.109375 0.968750
vt 0.109375 0.125000
vt 0.109375 0.531250
vt 0.109375 0.937500
vt 0.109375 0.093750
vt 0.109375 0.500000
vt 0.109375 0.906250
vt 0.109375 0.062500
vt 0.109375 0.468750
vt 0.109375 0.875000
vt 0.109375 0.031250
vt 0.109375 0.437500
vt 0.109375 0.843750
vt 0.117188 0.000000
vt 0.109375 0.406250
vt 0.109375 0.812500
vt 0.093750 0.312500
vt 0.093750 0.281250
vt 0.093750 0.718750
vt 0.093750 0.687500
vt 0.093750 0.250000
vt 0.093750 0.656250
vt 0.093750 0.218750
vt 0.093750 0.625000
vt 0.093750 0.187500
vt 0.093750 0.593750
vt 0.093750 0.156250
vt 0.093750 0.562500
vt 0.101562 1.000000
vt 0.093750 0.968750
vt 0.093750 0.125000
vt 0.093750 0.531250
vt 0.093750 0.937500
vt 0.093750 0.093750
vt 0.093750 0.500000
vt 0.093750 0.906250
vt 0.093750 0.062500
vt 0.093750 0.468750
vt 0.093750 0.875000
vt 0.093750 0.031250
vt 0.093750 0.437500
vt 0.093750 0.843750
vt 0.101562 0.000000
vt 0.093750 0.406250
vt 0.093750 0.812500
vt 0.093750 0.375000
vt 0.093750 0.781250
vt 0.093750 0.343750
vt 0.093750 0.750000
vt 0.078125 0.250000
vt 0.078125 0.218750
vt 0.078125 0.656250
vt 0.078125 0.625000
vt 0.078125 0.187500
vt 0.078125 0.593750
vt 0.078125 0.156250
vt 0.078125 0.562500
vt 0.085937 1.000000
vt 0.078125 0.968750
vt 0.078125 0.125000
vt 0.078125 0.531250
vt 0.078125 0.937500
vt 0.078125 0.093750
vt 0.078125 0.500000
vt 0.078125 0.906250
vt 0.078125 0.062500
vt 0.078125 0.468750
vt 0.078125 0.875000
vt 0.078125 0.031250
vt 0.078125 0.437500
vt 0.078125 0.843750
vt 0.085937 0.000000
vt 0.078125 0.406250
vt 0.078125 0.812500
vt 0.078125 0.375000
vt 0.078125 0.781250
vt 0.078125 0.343750
vt 0.078125 0.750000
vt 0.078125 0.312500
vt 0.078125 0.718750
vt 0.078125 0.281250
vt 0.078125 0.687500
vt 0.062500 0.187500
vt 0.062500 0.156250
vt 0.062500 0.593750
vt 0.062500 0.562500
vt 0.070312 1.000000
vt 0.062500 0.968750
vt 0.062500 0.125000
vt 0.062500 0.531250
vt 0.062500 0.937500
vt 0.062500 0.093750
vt 0.062500 0.500000
vt 0.062500 0.906250
vt 0.062500 0.062500
vt 0.062500 0.468750
vt 0.062500 0.875000
vt 0.062500 0.031250
vt 0.062500 0.437500
vt 0.062500 0.843750
vt 0.070312 0.000000
vt 0.062500 0.406250
vt 0.062500 0.812500
vt 0.062500 0.375000
vt 0.062500 0.781250
vt 0.062500 0.343750
vt 0.062500 0.750000
vt 0.062500 0.312500
vt 0.062500 0.718750
vt 0.062500 0.281250
vt 0.062500 0.687500
vt 0.062500 0.250000
vt 0.062500 0.656250
vt 0.062500 0.218750
vt 0.062500 0.625000
vt 0.046875 0.125000
vt 0.046875 0.093750
vt 0.046875 0.531250
vt 0.046875 0.500000
vt 0.046875 0.937500
vt 0.046875 0.906250
vt 0.046875 0.062500
vt 0.046875 0.468750
vt 0.046875 0.875000
vt 0.046875 0.031250
vt 0.046875 0.437500
vt 0.046875 0.843750
vt 0.054688 0.000000
vt 0.046875 0.406250
vt 0.046875 0.812500
vt 0.046875 0.375000
vt 0.046875 0.781250
vt 0.046875 0.343750
vt 0.046875 0.750000
vt 0.046875 0.312500
vt 0.046875 0.718750
vt 0.046875 0.281250
vt 0.046875 0.687500
vt 0.046875 0.250000
vt 0.046875 0.656250
vt 0.046875 0.218750
vt 0.046875 0.625000
vt 0.046875 0.187500
vt 0.046875 0.593750
vt 0.046875 0.156250
vt 0.046875 0.562500
vt 0.054688 1.000000
vt 0.046875 0.968750
vt 0.031250 0.062500
vt 0.031250 0.031250
vt 0.031250 0.468750
vt 0.031250 0.437500
vt 0.031250 0.875000
vt 0.031250 0.843750
vt 0.039062 0.000000
vt 0.031250 0.406250
vt 0.031250 0.812500
vt 0.031250 0.375000
vt 0.031250 0.781250
vt 0.031250 0.343750
vt 0.031250 0.750000
vt 0.031250 0.312500
vt 0.031250 0.718750
vt 0.031250 0.281250
vt 0.031250 0.687500
vt 0.031250 0.250000
vt 0.031250 0.656250
vt 0.031250 0.218750
vt 0.031250 0.625000
vt 0.031250 0.187500
vt 0.031250 0.593750
vt 0.031250 0.156250
vt 0.031250 0.562500
vt 0.039062 1.000000
vt 0.031250 0.968750
vt 0.031250 0.125000
vt 0.031250 0.531250
vt 0.031250 0.937500
vt 0.031250 0.093750
vt 0.031250 0.500000
vt 0.031250 0.906250
vt 0.015625 0.406250
vt 0.015625 0.375000
vt 0.015625 0.812500
vt 0.015625 0.781250
vt 0.015625 0.343750
vt 0.015625 0.750000
vt 0.015625 0.312500
vt 0.015625 0.718750
vt 0.015625 0.281250
vt 0.015625 0.687500
vt 0.015625 0.250000
vt 0.015625 0.656250
vt 0.015625 0.218750
vt 0.015625 0.625000
vt 0.015625 0.187500
vt 0.015625 0.593750
vt 0.015625 0.156250
vt 0.015625 0.562500
vt 0.023438 1.000000
vt 0.015625 0.968750
vt 0.015625 0.125000
vt 0.015625 0.531250
vt 0.015625 0.937500
vt 0.015625 0.093750
vt 0.015625 0.500000
vt 0.015625 0.906250
vt 0.015625 0.062500
vt 0.015625 0.468750
vt 0.015625 0.875000
vt 0.015625 0.031250
vt 0.015625 0.437500
vt 0.015625 0.843750
vt 0.023438 0.000000
vt 0.000000 0.343750
vt 0.000000 0.312500
vt 0.000000 0.750000
vt 0.000000 0.718750
vt 0.000000 0.281250
vt 0.000000 0.687500
vt 0.000000 0.250000
vt 0.000000 0.656250
vt 0.000000 0.218750
vt 0.000000 0.625000
vt 0.000000 0.187500
vt 0.000000 0.593750
vt 0.000000 0.156250
vt 0.000000 0.562500
vt 0.007812 1.000000
vt 0.000000 0.968750
vt 0.000000 0.125000
vt 0.000000 0.531250
vt 0.000000 0.937500
vt 0.000000 0.093750
vt 0.000000 0.500000
vt 0.000000 0.906250
vt 0.000000 0.062500
vt 0.000000 0.468750
vt 0.000000 0.875000
vt 0.000000 0.031250
vt 0.000000 0.437500
vt 0.000000 0.843750
vt 0.007812 0.000000
vt 0.000000 0.406250
vt 0.000000 0.812500
vt 0.000000 0.375000
vt 0.000000 0.781250
vt 1.000000 0.250000
vt 1.000000 0.281250
vt 0.984375 0.281250
vt 0.984375 0.250000
vt 1.000000 0.656250
vt 1.000000 0.687500
vt 0.984375 0.687500
vt 0.984375 0.656250
vt 1.000000 0.218750
vt 0.984375 0.218750
vt 1.000000 0.625000
vt 0.984375 0.625000
vt 1.000000 0.187500
vt 0.984375 0.187500
vt 1.000000 0.593750
vt 0.984375 0.593750
vt 1.000000 0.156250
vt 0.984375 0.156250
vt 1.000000 0.562500
vt 0.984375 0.562500
vt 1.000000 0.968750
vt 0.992188 1.000000
vt 0.984375 0.968750
vt 1.000000 0.125000
vt 0.984375 0.125000
vt 1.000000 0.531250
vt 0.984375 0.531250
vt 1.000000 0.937500
vt 0.984375 0.937500
vt 1.000000 0.093750
vt 0.984375 0.093750
vt 1.000000 0.500000
vt 0.984375 0.500000
vt 1.000000 0.906250
vt 0.984375 0.906250
vt 1.000000 0.062500
vt 0.984375 0.062500
vt 1.000000 0.468750
vt 0.984375 0.468750
vt 1.000000 0.875000
vt 0.984375 0.875000
vt 1.000000 0.031250
vt 0.984375 0.031250
vt 1.000000 0.437500
vt 0.984375 0.437500
vt 1.000000 0.843750
vt 0.984375 0.843750
vt 0.992188 0.000000
vt 1.000000 0.406250
vt 0.984375 0.406250
vt 1.000000 0.812500
vt 0.984375 0.812500
vt 1.000000 0.375000
vt 0.984375 0.375000
vt 1.000000 0.781250
vt 0.984375 0.781250
vt 1.000000 0.343750
vt 0.984375 0.343750
vt 1.000000 0.750000
vt 0.984375 0.750000
vt 1.000000 0.312500
vt 0.984375 0.312500
vt 1.000000 0.718750
vt 0.984375 0.718750
vt 0.968750 0.218750
vt 0.968750 0.187500
vt 0.968750 0.625000
vt 0.968750 0.593750
vt 0.968750 0.156250
vt 0.968750 0.562500
vt 0.976562 1.000000
vt 0.968750 0.968750
vt 0.968750 0.125000
vt 0.968750 0.531250
vt 0.968750 0.937500
vt 0.968750 0.093750
vt 0.968750 0.500000
vt 0.968750 0.906250
vt 0.968750 0.062500
vt 0.968750 0.468750
vt 0.968750 0.875000
vt 0.968750 0.031250
vt 0.968750 0.437500
vt 0.968750 0.843750
vt 0.976562 0.000000
vt 0.968750 0.406250
vt 0.968750 0.812500
vt 0.968750 0.375000
vt 0.968750 0.781250
vt 0.968750 0.343750
vt 0.968750 0.750000
vt 0.968750 0.312500
vt 0.968750 0.718750
vt 0.968750 0.281250
vt 0.968750 0.687500
vt 0.968750 0.250000
vt 0.968750 0.656250
vt 0.960938 1.000000
vt 0.953125 0.968750
vt 0.953125 0.156250
vt 0.953125 0.125000
vt 0.953125 0.562500
vt 0.953125 0.531250
vt 0.953125 0.937500
vt 0.953125 0.093750
vt 0.953125 0.500000
vt 0.953125 0.906250
vt 0.953125 0.062500
vt 0.953125 0.468750
vt 0.953125 0.875000
vt 0.953125 0.031250
vt 0.953125 0.437500
vt 0.953125 0.843750
vt 0.960938 0.000000
vt 0.953125 0.406250
vt 0.953125 0.812500
vt 0.953125 0.375000
vt 0.953125 0.781250
vt 0.953125 0.343750
vt 0.953125 0.750000
vt 0.953125 0.312500
vt 0.953125 0.718750
vt 0.953125 0.281250
vt 0.953125 0.687500
vt 0.953125 0.250000
vt 0.953125 0.656250
vt 0.953125 0.218750
vt 0.953125 0.625000
vt 0.953125 0.187500
vt 0.953125 0.593750
vt 0.937500 0.937500
vt 0.937500 0.906250
vt 0.937500 0.093750
vt 0.937500 0.062500
vt 0.937500 0.500000
vt 0.937500 0.468750
vt 0.937500 0.875000
vt 0.937500 0.031250
vt 0.937500 0.437500
vt 0.937500 0.843750
vt 0.945312 0.000000
vt 0.937500 0.406250
vt 0.937500 0.812500
vt 0.937500 0.375000
vt 0.937500 0.781250
vt 0.937500 0.343750
vt 0.937500 0.750000
vt 0.937500 0.312500
vt 0.937500 0.718750
vt 0.937500 0.281250
vt 0.937500 0.687500
vt 0.937500 0.250000
vt 0.937500 0.656250
vt 0.937500 0.218750
vt 0.937500 0.625000
vt 0.937500 0.187500
vt 0.937500 0.593750
vt 0.937500 0.156250
vt 0.937500 0.562500
vt 0.945312 1.000000
vt 0.937500 0.968750
vt 0.937500 0.125000
vt 0.937500 0.531250
vt 0.921875 0.875000
vt 0.921875 0.843750
vt 0.929687 0.000000
vt 0.921875 0.031250
vt 0.921875 0.437500
vt 0.921875 0.406250
vt 0.921875 0.812500
vt 0.921875 0.375000
vt 0.921875 0.781250
vt 0.921875 0.343750
vt 0.921875 0.750000
vt 0.921875 0.312500
vt 0.921875 0.718750
vt 0.921875 0.281250
vt 0.921875 0.687500
vt 0.921875 0.250000
vt 0.921875 0.656250
vt 0.921875 0.218750
vt 0.921875 0.625000
vt 0.921875 0.187500
vt 0.921875 0.593750
vt 0.921875 0.156250
vt 0.921875 0.562500
vt 0.929687 1.000000
vt 0.921875 0.968750
vt 0.921875 0.125000
vt 0.921875 0.531250
vt 0.921875 0.937500
vt 0.921875 0.093750
vt 0.921875 0.500000
vt 0.921875 0.906250
vt 0.921875 0.062500
vt 0.921875 0.468750
vt 0.906250 0.812500
vt 0.906250 0.781250
vt 0.906250 0.375000
vt 0.906250 0.343750
vt 0.906250 0.750000
vt 0.906250 0.312500
vt 0.906250 0.718750
vt 0.906250 0.281250
vt 0.906250 0.687500
vt 0.906250 0.250000
vt 0.906250 0.656250
vt 0.906250 0.218750
vt 0.906250 0.625000
vt 0.906250 0.187500
vt 0.906250 0.593750
vt 0.906250 0.156250
vt 0.906250 0.562500
vt 0.914062 1.000000
vt 0.906250 0.968750
vt 0.906250 0.125000
vt 0.906250 0.531250
vt 0.906250 0.937500
vt 0.906250 0.093750
vt 0.906250 0.500000
vt 0.906250 0.906250
vt 0.906250 0.062500
vt 0.906250 0.468750
vt 0.906250 0.875000
vt 0.906250 0.031250
vt 0.906250 0.437500
vt 0.906250 0.843750
vt 0.914062 0.000000
vt 0.906250 0.406250
vt 0.890625 0.750000
vt 0.890625 0.718750
vt 0.890625 0.312500
vt 0.890625 0.281250
vt 0.890625 0.687500
vt 0.890625 0.250000
vt 0.890625 0.656250
vt 0.890625 0.218750
vt 0.890625 0.625000
vt 0.890625 0.187500
vt 0.890625 0.593750
vt 0.890625 0.156250
vt 0.890625 0.562500
vt 0.898438 1.000000
vt 0.890625 0.968750
vt 0.890625 0.125000
vt 0.890625 0.531250
vt 0.890625 0.937500
vt 0.890625 0.093750
vt 0.890625 0.500000
vt 0.890625 0.906250
vt 0.890625 0.062500
vt 0.890625 0.468750
vt 0.890625 0.875000
vt 0.890625 0.031250
vt 0.890625 0.437500
vt 0.890625 0.843750
vt 0.898438 0.000000
vt 0.890625 0.406250
vt 0.890625 0.812500
vt 0.890625 0.375000
vt 0.890625 0.781250
vt 0.890625 0.343750
vt 0.875000 0.687500
vt 0.875000 0.656250
vt 0.875000 0.250000
vt 0.875000 0.218750
vt 0.875000 0.625000
vt 0.875000 0.187500
vt 0.875000 0.593750
vt 0.875000 0.156250
vt 0.875000 0.562500
vt 0.882812 1.000000
vt 0.875000 0.968750
vt 0.875000 0.125000
vt 0.875000 0.531250
vt 0.875000 0.937500
vt 0.875000 0.093750
vt 0.875000 0.500000
vt 0.875000 0.906250
vt 0.875000 0.062500
vt 0.875000 0.468750
vt 0.875000 0.875000
vt 0.875000 0.031250
vt 0.875000 0.437500
vt 0.875000 0.843750
vt 0.882812 0.000000
vt 0.875000 0.406250
vt 0.875000 0.812500
vt 0.875000 0.375000
vt 0.875000 0.781250
vt 0.875000 0.343750
vt 0.875000 0.750000
vt 0.875000 0.312500
vt 0.875000 0.718750
vt 0.875000 0.281250
vt 0.859375 0.625000
vt 0.859375 0.593750
vt 0.859375 0.187500
vt 0.859375 0.156250
vt 0.859375 0.562500
vt 0.867188 1.000000
vt 0.859375 0.968750
vt 0.859375 0.125000
vt 0.859375 0.531250
vt 0.859375 0.937500
vt 0.859375 0.093750
vt 0.859375 0.500000
vt 0.859375 0.906250
vt 0.859375 0.062500
vt 0.859375 0.468750
vt 0.859375 0.875000
vt 0.859375 0.031250
vt 0.859375 0.437500
vt 0.859375 0.843750
vt 0.867188 0.000000
vt 0.859375 0.406250
vt 0.859375 0.812500
vt 0.859375 0.375000
vt 0.859375 0.781250
vt 0.859375 0.343750
vt 0.859375 0.750000
vt 0.859375 0.312500
vt 0.859375 0.718750
vt 0.859375 0.281250
vt 0.859375 0.687500
vt 0.859375 0.250000
vt 0.859375 0.656250
vt 0.859375 0.218750
vt 0.843750 0.562500
vt 0.843750 0.531250
vt 0.843750 0.968750
vt 0.843750 0.937500
vt 0.843750 0.125000
vt 0.843750 0.093750
vt 0.843750 0.500000
vt 0.843750 0.906250
vt 0.843750 0.062500
vt 0.843750 0.468750
vt 0.843750 0.875000
vt 0.843750 0.031250
vt 0.843750 0.437500
vt 0.843750 0.843750
vt 0.851562 0.000000
vt 0.843750 0.406250
vt 0.843750 0.812500
vt 0.843750 0.375000
vt 0.843750 0.781250
vt 0.843750 0.343750
vt 0.843750 0.750000
vt 0.843750 0.312500
vt 0.843750 0.718750
vt 0.843750 0.281250
vt 0.843750 0.687500
vt 0.843750 0.250000
vt 0.843750 0.656250
vt 0.843750 0.218750
vt 0.843750 0.625000
vt 0.843750 0.187500
vt 0.843750 0.593750
vt 0.843750 0.156250
vt 0.851562 1.000000
vt 0.828125 0.500000
vt 0.828125 0.468750
vt 0.828125 0.906250
vt 0.828125 0.875000
vt 0.828125 0.062500
vt 0.828125 0.031250
vt 0.828125 0.437500
vt 0.828125 0.843750
vt 0.835938 0.000000
vt 0.828125 0.406250
vt 0.828125 0.812500
vt 0.828125 0.375000
vt 0.828125 0.781250
vt 0.828125 0.343750
vt 0.828125 0.750000
vt 0.828125 0.312500
vt 0.828125 0.718750
vt 0.828125 0.281250
vt 0.828125 0.687500
vt 0.828125 0.250000
vt 0.828125 0.656250
vt 0.828125 0.218750
vt 0.828125 0.625000
vt 0.828125 0.187500
vt 0.828125 0.593750
vt 0.828125 0.156250
vt 0.828125 0.562500
vt 0.835938 1.000000
vt 0.828125 0.968750
vt 0.828125 0.125000
vt 0.828125 0.531250
vt 0.828125 0.937500
vt 0.828125 0.093750
vt 0.812500 0.437500
vt 0.812500 0.406250
vt 0.812500 0.843750
vt 0.812500 0.812500
vt 0.812500 0.375000
vt 0.812500 0.781250
vt 0.812500 0.343750
vt 0.812500 0.750000
vt 0.812500 0.312500
vt 0.812500 0.718750
vt 0.812500 0.281250
vt 0.812500 0.687500
vt 0.812500 0.250000
vt 0.812500 0.656250
vt 0.812500 0.218750
vt 0.812500 0.625000
vt 0.812500 0.187500
vt 0.812500 0.593750
vt 0.812500 0.156250
vt 0.812500 0.562500
vt 0.820312 1.000000
vt 0.812500 0.968750
vt 0.812500 0.125000
vt 0.812500 0.531250
vt 0.812500 0.937500
vt 0.812500 0.093750
vt 0.812500 0.500000
vt 0.812500 0.906250
vt 0.812500 0.062500
vt 0.812500 0.468750
vt 0.812500 0.875000
vt 0.812500 0.031250
vt 0.820312 0.000000
vt 0.796875 0.375000
vt 0.796875 0.343750
vt 0.796875 0.781250
vt 0.796875 0.750000
vt 0.796875 0.312500
vt 0.796875 0.718750
vt 0.796875 0.281250
vt 0.796875 0.687500
vt 0.796875 0.250000
vt 0.796875 0.656250
vt 0.796875 0.218750
vt 0.796875 0.625000
vt 0.796875 0.187500
vt 0.796875 0.593750
vt 0.796875 0.156250
vt 0.796875 0.562500
vt 0.804688 1.000000
vt 0.796875 0.968750
vt 0.796875 0.125000
vt 0.796875 0.531250
vt 0.796875 0.937500
vt 0.796875 0.093750
vt 0.796875 0.500000
vt 0.796875 0.906250
vt 0.796875 0.062500
vt 0.796875 0.468750
vt 0.796875 0.875000
vt 0.796875 0.031250
vt 0.796875 0.437500
vt 0.796875 0.843750
vt 0.804688 0.000000
vt 0.796875 0.406250
vt 0.796875 0.812500
vt 0.781250 0.312500
vt 0.781250 0.281250
vt 0.781250 0.718750
vt 0.781250 0.687500
vt 0.781250 0.250000
vt 0.781250 0.656250
vt 0.781250 0.218750
vt 0.781250 0.625000
vt 0.781250 0.187500
vt 0.781250 0.593750
vt 0.781250 0.156250
vt 0.781250 0.562500
vt 0.789062 1.000000
vt 0.781250 0.968750
vt 0.781250 0.125000
vt 0.781250 0.531250
vt 0.781250 0.937500
vt 0.781250 0.093750
vt 0.781250 0.500000
vt 0.781250 0.906250
vt 0.781250 0.062500
vt 0.781250 0.468750
vt 0.781250 0.875000
vt 0.781250 0.031250
vt 0.781250 0.437500
vt 0.781250 0.843750
vt 0.789062 0.000000
vt 0.781250 0.406250
vt 0.781250 0.812500
vt 0.781250 0.375000
vt 0.781250 0.781250
vt 0.781250 0.343750
vt 0.781250 0.750000
vt 0.765625 0.250000
vt 0.765625 0.218750
vt 0.765625 0.656250
vt 0.765625 0.625000
vt 0.765625 0.187500
vt 0.765625 0.593750
vt 0.765625 0.156250
vt 0.765625 0.562500
vt 0.773438 1.000000
vt 0.765625 0.968750
vt 0.765625 0.125000
vt 0.765625 0.531250
vt 0.765625 0.937500
vt 0.765625 0.093750
vt 0.765625 0.500000
vt 0.765625 0.906250
vt 0.765625 0.062500
vt 0.765625 0.468750
vt 0.765625 0.875000
vt 0.765625 0.031250
vt 0.765625 0.437500
vt 0.765625 0.843750
vt 0.773438 0.000000
vt 0.765625 0.406250
vt 0.765625 0.812500
vt 0.765625 0.375000
vt 0.765625 0.781250
vt 0.765625 0.343750
vt 0.765625 0.750000
vt 0.765625 0.312500
vt 0.765625 0.718750
vt 0.765625 0.281250
vt 0.765625 0.687500
vt 0.757812 1.000000
vt 0.757812 0.000000
s 1
usemtl Material.001
f 1979/1/1 13/2/2 36/3/3 37/4/4
f 1975/5/5 1974/6/6 23/7/7 24/8/8
f 1980/9/9 1979/1/1 37/4/4 38/10/10
f 1976/11/11 1975/5/5 24/8/8 25/12/12
f 1981/13/13 1980/9/9 38/10/10 39/14/14
f 5/15/15 1976/11/11 25/12/12 26/16/16
f 1982/17/17 1981/13/13 39/14/14 40/18/18
f 6/19/19 5/15/15 26/16/16 27/20/20
f 1983/21/21 1982/17/17 40/18/18 41/22/22
f 7/23/23 6/19/19 27/20/20 28/24/24
f 1984/25/25 1983/21/21 41/22/22 42/26/26
f 1977/27/27 7/23/23 28/24/24 29/28/28
f 1/29/29 1039/30/30 16/31/31
f 1985/32/32 1984/25/25 42/26/26 43/33/33
f 8/34/34 1977/27/27 29/28/28 30/35/35
f 2/36/36 1/29/29 16/31/31 17/37/37
f 14/38/38 1985/32/32 43/33/33 44/39/39
f 9/40/40 8/34/34 30/35/35 31/41/41
f 3/42/42 2/36/36 17/37/37 18/43/43
f 1986/44/44 14/38/38 44/39/39 45/45/45
f 10/46/46 9/40/40 31/41/41 32/47/47
f 1971/48/48 3/42/42 18/43/43 19/49/49
f 15/50/50 1986/44/44 45/45/45 46/51/51
f 1978/52/52 10/46/46 32/47/47 33/53/53
f 4/54/54 1971/48/48 19/49/49 20/55/55
f 1226/56/56 15/50/50 46/51/51
f 11/57/57 1978/52/52 33/53/53 34/58/58
f 1972/59/59 4/54/54 20/55/55 21/60/60
f 12/61/61 11/57/57 34/58/58 35/62/62
f 1973/63/63 1972/59/59 21/60/60 22/64/64
f 13/2/2 12/61/61 35/62/62 36/3/3
f 1974/6/6 1973/63/63 22/64/64 23/7/7
f 45/45/45 44/39/39 75/65/65 76/66/66
f 32/47/47 31/41/41 62/67/67 63/68/68
f 19/49/49 18/43/43 49/69/69 50/70/70
f 46/51/51 45/45/45 76/66/66 77/71/71
f 33/53/53 32/47/47 63/68/68 64/72/72
f 20/55/55 19/49/49 50/70/70 51/73/73
f 1226/74/56 46/51/51 77/71/71
f 34/58/58 33/53/53 64/72/72 65/75/74
f 21/60/60 20/55/55 51/73/73 52/76/75
f 35/62/62 34/58/58 65/75/74 66/77/76
f 22/64/64 21/60/60 52/76/75 53/78/77
f 36/3/3 35/62/62 66/77/76 67/79/78
f 23/7/7 22/64/64 53/78/77 54/80/79
f 37/4/4 36/3/3 67/79/78 68/81/80
f 24/8/8 23/7/7 54/80/79 55/82/81
f 38/10/10 37/4/4 68/81/80 69/83/82
f 25/12/12 24/8/8 55/82/81 56/84/83
f 39/14/14 38/10/10 69/83/82 70/85/84
f 26/16/16 25/12/12 56/84/83 57/86/85
f 40/18/18 39/14/14 70/85/84 71/87/86
f 27/20/20 26/16/16 57/86/85 58/88/87
f 41/22/22 40/18/18 71/87/86 72/89/88
f 28/24/24 27/20/20 58/88/87 59/90/89
f 42/26/26 41/22/22 72/89/88 73/91/90
f 29/28/28 28/24/24 59/90/89 60/92/91
f 16/31/31 1039/93/30 47/94/92
f 43/33/33 42/26/26 73/91/90 74/95/93
f 30/35/35 29/28/28 60/92/91 61/96/94
f 17/37/37 16/31/31 47/94/92 48/97/95
f 44/39/39 43/33/33 74/95/93 75/65/65
f 31/41/41 30/35/35 61/96/94 62/67/67
f 18/43/43 17/37/37 48/97/95 49/69/69
f 1226/98/56 77/71/71 108/99/96
f 65/75/74 64/72/72 95/100/97 96/101/98
f 52/76/75 51/73/73 82/102/99 83/103/100
f 66/77/76 65/75/74 96/101/98 97/104/101
f 53/78/77 52/76/75 83/103/100 84/105/102
f 67/79/78 66/77/76 97/104/101 98/106/103
f 54/80/79 53/78/77 84/105/102 85/107/104
f 68/81/80 67/79/78 98/106/103 99/108/105
f 55/82/81 54/80/79 85/107/104 86/109/106
f 69/83/82 68/81/80 99/108/105 100/110/107
f 56/84/83 55/82/81 86/109/106 87/111/108
f 70/85/84 69/83/82 100/110/107 101/112/109
f 57/86/85 56/84/83 87/111/108 88/113/110
f 71/87/86 70/85/84 101/112/109 102/114/111
f 58/88/87 57/86/85 88/113/110 89/115/112
f 72/89/88 71/87/86 102/114/111 103/116/113
f 59/90/89 58/88/87 89/115/112 90/117/114
f 73/91/90 72/89/88 103/116/113 104/118/115
f 60/92/91 59/90/89 90/117/114 91/119/116
f 47/94/92 1039/120/30 78/121/117
f 74/95/93 73/91/90 104/118/115 105/122/118
f 61/96/94 60/92/91 91/119/116 92/123/119
f 48/97/95 47/94/92 78/121/117 79/124/120
f 75/65/65 74/95/93 105/122/118 106/125/121
f 62/67/67 61/96/94 92/123/119 93/126/122
f 49/69/69 48/97/95 79/124/120 80/127/123
f 76/66/66 75/65/65 106/125/121 107/128/124
f 63/68/68 62/67/67 93/126/122 94/129/125
f 50/70/70 49/69/69 80/127/123 81/130/126
f 77/71/71 76/66/66 107/128/124 108/99/96
f 64/72/72 63/68/68 94/129/125 95/100/97
f 51/73/73 50/70/70 81/130/126 82/102/99
f 98/106/103 97/104/101 128/131/127 129/132/128
f 85/107/104 84/105/102 115/133/129 116/134/130
f 99/108/105 98/106/103 129/132/128 130/135/131
f 86/109/106 85/107/104 116/134/130 117/136/132
f 100/110/107 99/108/105 130/135/131 131/137/133
f 87/111/108 86/109/106 117/136/132 118/138/134
f 101/112/109 100/110/107 131/137/133 132/139/135
f 88/113/110 87/111/108 118/138/134 119/140/136
f 102/114/111 101/112/109 132/139/135 133/141/137
f 89/115/112 88/113/110 119/140/136 120/142/138
f 103/116/113 102/114/111 133/141/137 134/143/139
f 90/117/114 89/115/112 120/142/138 121/144/140
f 104/118/115 103/116/113 134/143/139 135/145/141
f 91/119/116 90/117/114 121/144/140 122/146/142
f 78/121/117 1039/147/30 109/148/143
f 105/122/118 104/118/115 135/145/141 136/149/144
f 92/123/119 91/119/116 122/146/142 123/150/145
f 79/124/120 78/121/117 109/148/143 110/151/146
f 106/125/121 105/122/118 136/149/144 137/152/147
f 93/126/122 92/123/119 123/150/145 124/153/148
f 80/127/123 79/124/120 110/151/146 111/154/149
f 107/128/124 106/125/121 137/152/147 138/155/150
f 94/129/125 93/126/122 124/153/148 125/156/151
f 81/130/126 80/127/123 111/154/149 112/157/152
f 108/99/96 107/128/124 138/155/150 139/158/153
f 95/100/97 94/129/125 125/156/151 126/159/154
f 82/102/99 81/130/126 112/157/152 113/160/155
f 1226/161/56 108/99/96 139/158/153
f 96/101/98 95/100/97 126/159/154 127/162/156
f 83/103/100 82/102/99 113/160/155 114/163/157
f 97/104/101 96/101/98 127/162/156 128/131/127
f 84/105/102 83/103/100 114/163/157 115/133/129
f 131/137/133 130/135/131 161/164/158 162/165/159
f 118/138/134 117/136/132 148/166/160 149/167/161
f 132/139/135 131/137/133 162/165/159 163/168/162
f 119/140/136 118/138/134 149/167/161 150/169/163
f 133/141/137 132/139/135 163/168/162 164/170/164
f 120/142/138 119/140/136 150/169/163 151/171/165
f 134/143/139 133/141/137 164/170/164 165/172/166
f 121/144/140 120/142/138 151/171/165 152/173/167
f 135/145/141 134/143/139 165/172/166 166/174/168
f 122/146/142 121/144/140 152/173/167 153/175/169
f 109/148/143 1039/176/30 140/177/170
f 136/149/144 135/145/141 166/174/168 167/178/171
f 123/150/145 122/146/142 153/175/169 154/179/172
f 110/151/146 109/148/143 140/177/170 141/180/173
f 137/152/147 136/149/144 167/178/171 168/181/174
f 124/153/148 123/150/145 154/179/172 155/182/175
f 111/154/149 110/151/146 141/180/173 142/183/176
f 138/155/150 137/152/147 168/181/174 169/184/177
f 125/156/151 124/153/148 155/182/175 156/185/178
f 112/157/152 111/154/149 142/183/176 143/186/179
f 139/158/153 138/155/150 169/184/177 170/187/180
f 126/159/154 125/156/151 156/185/178 157/188/181
f 113/160/155 112/157/152 143/186/179 144/189/182
f 1226/190/56 139/158/153 170/187/180
f 127/162/156 126/159/154 157/188/181 158/191/183
f 114/163/157 113/160/155 144/189/182 145/192/184
f 128/131/127 127/162/156 158/191/183 159/193/185
f 115/133/129 114/163/157 145/192/184 146/194/186
f 129/132/128 128/131/127 159/193/185 160/195/187
f 116/134/130 115/133/129 146/194/186 147/196/188
f 130/135/131 129/132/128 160/195/187 161/164/158
f 117/136/132 116/134/130 147/196/188 148/166/160
f 164/170/164 163/168/162 194/197/189 195/198/190
f 151/171/165 150/169/163 181/199/191 182/200/192
f 165/172/166 164/170/164 195/198/190 196/201/193
f 152/173/167 151/171/165 182/200/192 183/202/194
f 166/174/168 165/172/166 196/201/193 197/203/195
f 153/175/169 152/173/167 183/202/194 184/204/196
f 140/177/170 1039/205/30 171/206/197
f 167/178/171 166/174/168 197/203/195 198/207/198
f 154/179/172 153/175/169 184/204/196 185/208/199
f 141/180/173 140/177/170 171/206/197 172/209/200
f 168/181/174 167/178/171 198/207/198 199/210/201
f 155/182/175 154/179/172 185/208/199 186/211/202
f 142/183/176 141/180/173 172/209/200 173/212/203
f 169/184/177 168/181/174 199/210/201 200/213/204
f 156/185/178 155/182/175 186/211/202 187/214/205
f 143/186/179 142/183/176 173/212/203 174/215/206
f 170/187/180 169/184/177 200/213/204 201/216/207
f 157/188/181 156/185/178 187/214/205 188/217/208
f 144/189/182 143/186/179 174/215/206 175/218/209
f 1226/219/56 170/187/180 201/216/207
f 158/191/183 157/188/181 188/217/208 189/220/210
f 145/192/184 144/189/182 175/218/209 176/221/211
f 159/193/185 158/191/183 189/220/210 190/222/212
f 146/194/186 145/192/184 176/221/211 177/223/213
f 160/195/187 159/193/185 190/222/212 191/224/214
f 147/196/188 146/194/186 177/223/213 178/225/215
f 161/164/158 160/195/187 191/224/214 192/226/216
f 148/166/160 147/196/188 178/225/215 179/227/217
f 162/165/159 161/164/158 192/226/216 193/228/218
f 149/167/161 148/166/160 179/227/217 180/229/219
f 163/168/162 162/165/159 193/228/218 194/197/189
f 150/169/163 149/167/161 180/229/219 181/199/191
f 197/203/195 196/201/193 227/230/220 228/231/221
f 184/204/196 183/202/194 214/232/222 215/233/223
f 171/206/197 1039/234/30 202/235/224
f 198/207/198 197/203/195 228/231/221 229/236/225
f 185/208/199 184/204/196 215/233/223 216/237/226
f 172/209/200 171/206/197 202/235/224 203/238/227
f 199/210/201 198/207/198 229/236/225 230/239/228
f 186/211/202 185/208/199 216/237/226 217/240/229
f 173/212/203 172/209/200 203/238/227 204/241/230
f 200/213/204 199/210/201 230/239/228 231/242/231
f 187/214/205 186/211/202 217/240/229 218/243/232
f 174/215/206 173/212/203 204/241/230 205/244/233
f 201/216/207 200/213/204 231/242/231 232/245/234
f 188/217/208 187/214/205 218/243/232 219/246/235
f 175/218/209 174/215/206 205/244/233 206/247/236
f 1226/248/56 201/216/207 232/245/234
f 189/220/210 188/217/208 219/246/235 220/249/237
f 176/221/211 175/218/209 206/247/236 207/250/238
f 190/222/212 189/220/210 220/249/237 221/251/239
f 177/223/213 176/221/211 207/250/238 208/252/240
f 191/224/214 190/222/212 221/251/239 222/253/241
f 178/225/215 177/223/213 208/252/240 209/254/242
f 192/226/216 191/224/214 222/253/241 223/255/243
f 179/227/217 178/225/215 209/254/242 210/256/244
f 193/228/218 192/226/216 223/255/243 224/257/245
f 180/229/219 179/227/217 210/256/244 211/258/246
f 194/197/189 193/228/218 224/257/245 225/259/247
f 181/199/191 180/229/219 211/258/246 212/260/248
f 195/198/190 194/197/189 225/259/247 226/261/249
f 182/200/192 181/199/191 212/260/248 213/262/250
f 196/201/193 195/198/190 226/261/249 227/230/220
f 183/202/194 182/200/192 213/262/250 214/232/222
f 203/238/227 202/235/224 233/263/251 234/264/252
f 230/239/228 229/236/225 260/265/253 261/266/254
f 217/240/229 216/237/226 247/267/255 248/268/256
f 204/241/230 203/238/227 234/264/252 235/269/257
f 231/242/231 230/239/228 261/266/254 262/270/258
f 218/243/232 217/240/229 248/268/256 249/271/259
f 205/244/233 204/241/230 235/269/257 236/272/260
f 232/245/234 231/242/231 262/270/258 263/273/261
f 219/246/235 218/243/232 249/271/259 250/274/262
f 206/247/236 205/244/233 236/272/260 237/275/263
f 1226/276/56 232/245/234 263/273/261
f 220/249/237 219/246/235 250/274/262 251/277/264
f 207/250/238 206/247/236 237/275/263 238/278/265
f 221/251/239 220/249/237 251/277/264 252/279/266
f 208/252/240 207/250/238 238/278/265 239/280/267
f 222/253/241 221/251/239 252/279/266 253/281/268
f 209/254/242 208/252/240 239/280/267 240/282/269
f 223/255/243 222/253/241 253/281/268 254/283/270
f 210/256/244 209/254/242 240/282/269 241/284/271
f 224/257/245 223/255/243 254/283/270 255/285/272
f 211/258/246 210/256/244 241/284/271 242/286/273
f 225/259/247 224/257/245 255/285/272 256/287/274
f 212/260/248 211/258/246 242/286/273 243/288/275
f 226/261/249 225/259/247 256/287/274 257/289/276
f 213/262/250 212/260/248 243/288/275 244/290/277
f 227/230/220 226/261/249 257/289/276 258/291/278
f 214/232/222 213/262/250 244/290/277 245/292/279
f 228/231/221 227/230/220 258/291/278 259/293/280
f 215/233/223 214/232/222 245/292/279 246/294/281
f 202/235/224 1039/295/30 233/263/251
f 229/236/225 228/231/221 259/293/280 260/265/253
f 216/237/226 215/233/223 246/294/281 247/267/255
f 236/272/260 235/269/257 266/296/282 267/297/283
f 263/273/261 262/270/258 293/298/284 294/299/285
f 250/274/262 249/271/259 280/300/286 281/301/287
f 237/275/263 236/272/260 267/297/283 268/302/288
f 1226/303/56 263/273/261 294/299/285
f 251/277/264 250/274/262 281/301/287 282/304/289
f 238/278/265 237/275/263 268/302/288 269/305/290
f 252/279/266 251/277/264 282/304/289 283/306/291
f 239/280/267 238/278/265 269/305/290 270/307/292
f 253/281/268 252/279/266 283/306/291 284/308/293
f 240/282/269 239/280/267 270/307/292 271/309/294
f 254/283/270 253/281/268 284/308/293 285/310/295
f 241/284/271 240/282/269 271/309/294 272/311/296
f 255/285/272 254/283/270 285/310/295 286/312/297
f 242/286/273 241/284/271 272/311/296 273/313/298
f 256/287/274 255/285/272 286/312/297 287/314/299
f 243/288/275 242/286/273 273/313/298 274/315/300
f 257/289/276 256/287/274 287/314/299 288/316/301
f 244/290/277 243/288/275 274/315/300 275/317/302
f 258/291/278 257/289/276 288/316/301 289/318/303
f 245/292/279 244/290/277 275/317/302 276/319/304
f 259/293/280 258/291/278 289/318/303 290/320/305
f 246/294/281 245/292/279 276/319/304 277/321/306
f 233/263/251 1039/322/30 264/323/307
f 260/265/253 259/293/280 290/320/305 291/324/308
f 247/267/255 246/294/281 277/321/306 278/325/309
f 234/264/252 233/263/251 264/323/307 265/326/310
f 261/266/254 260/265/253 291/324/308 292/327/311
f 248/268/256 247/267/255 278/325/309 279/328/312
f 235/269/257 234/264/252 265/326/310 266/296/282
f 262/270/258 261/266/254 292/327/311 293/298/284
f 249/271/259 248/268/256 279/328/312 280/300/286
f 269/305/290 268/302/288 299/329/313 300/330/314
f 283/306/291 282/304/289 313/331/315 314/332/316
f 270/307/292 269/305/290 300/330/314 301/333/317
f 284/308/293 283/306/291 314/332/316 315/334/318
f 271/309/294 270/307/292 301/333/317 302/335/319
f 285/310/295 284/308/293 315/334/318 316/336/320
f 272/311/296 271/309/294 302/335/319 303/337/321
f 286/312/297 285/310/295 316/336/320 317/338/322
f 273/313/298 272/311/296 303/337/321 304/339/323
f 287/314/299 286/312/297 317/338/322 318/340/324
f 274/315/300 273/313/298 304/339/323 305/341/325
f 288/316/301 287/314/299 318/340/324 319/342/326
f 275/317/302 274/315/300 305/341/325 306/343/327
f 289/318/303 288/316/301 319/342/326 320/344/328
f 276/319/304 275/317/302 306/343/327 307/345/329
f 290/320/305 289/318/303 320/344/328 321/346/330
f 277/321/306 276/319/304 307/345/329 308/347/331
f 264/323/307 1039/348/30 295/349/332
f 291/324/308 290/320/305 321/346/330 322/350/333
f 278/325/309 277/321/306 308/347/331 309/351/334
f 265/326/310 264/323/307 295/349/332 296/352/335
f 292/327/311 291/324/308 322/350/333 323/353/336
f 279/328/312 278/325/309 309/351/334 310/354/337
f 266/296/282 265/326/310 296/352/335 297/355/338
f 293/298/284 292/327/311 323/353/336 324/356/339
f 280/300/286 279/328/312 310/354/337 311/357/340
f 267/297/283 266/296/282 297/355/338 298/358/341
f 294/299/285 293/298/284 324/356/339 325/359/342
f 281/301/287 280/300/286 311/357/340 312/360/343
f 268/302/288 267/297/283 298/358/341 299/329/313
f 1226/361/56 294/299/285 325/359/342
f 282/304/289 281/301/287 312/360/343 313/331/315
f 302/335/319 301/333/317 332/362/344 333/363/345
f 316/336/320 315/334/318 346/364/346 347/365/347
f 303/337/321 302/335/319 333/363/345 334/366/348
f 317/338/322 316/336/320 347/365/347 348/367/349
f 304/339/323 303/337/321 334/366/348 335/368/350
f 318/340/324 317/338/322 348/367/349 349/369/351
f 305/341/325 304/339/323 335/368/350 336/370/352
f 319/342/326 318/340/324 349/369/351 350/371/353
f 306/343/327 305/341/325 336/370/352 337/372/354
f 320/344/328 319/342/326 350/371/353 351/373/355
f 307/345/329 306/343/327 337/372/354 338/374/356
f 321/346/330 320/344/328 351/373/355 352/375/357
f 308/347/331 307/345/329 338/374/356 339/376/358
f 295/349/332 1039/377/30 326/378/359
f 322/350/333 321/346/330 352/375/357 353/379/360
f 309/351/334 308/347/331 339/376/358 340/380/361
f 296/352/335 295/349/332 326/378/359 327/381/362
f 323/353/336 322/350/333 353/379/360 354/382/363
f 310/354/337 309/351/334 340/380/361 341/383/364
f 297/355/338 296/352/335 327/381/362 328/384/365
f 324/356/339 323/353/336 354/382/363 355/385/366
f 311/357/340 310/354/337 341/383/364 342/386/367
f 298/358/341 297/355/338 328/384/365 329/387/368
f 325/359/342 324/356/339 355/385/366 356/388/369
f 312/360/343 311/357/340 342/386/367 343/389/370
f 299/329/313 298/358/341 329/387/368 330/390/371
f 1226/391/56 325/359/342 356/388/369
f 313/331/315 312/360/343 343/389/370 344/392/372
f 300/330/314 299/329/313 330/390/371 331/393/373
f 314/332/316 313/331/315 344/392/372 345/394/374
f 301/333/317 300/330/314 331/393/373 332/362/344
f 315/334/318 314/332/316 345/394/374 346/364/346
f 335/368/350 334/366/348 365/395/375 366/396/376
f 349/369/351 348/367/349 379/397/377 380/398/378
f 336/370/352 335/368/350 366/396/376 367/399/379
f 350/371/353 349/369/351 380/398/378 381/400/380
f 337/372/354 336/370/352 367/399/379 368/401/381
f 351/373/355 350/371/353 381/400/380 382/402/382
f 338/374/356 337/372/354 368/401/381 369/403/383
f 352/375/357 351/373/355 382/402/382 383/404/384
f 339/376/358 338/374/356 369/403/383 370/405/385
f 326/378/359 1039/406/30 357/407/386
f 353/379/360 352/375/357 383/404/384 384/408/387
f 340/380/361 339/376/358 370/405/385 371/409/388
f 327/381/362 326/378/359 357/407/386 358/410/389
f 354/382/363 353/379/360 384/408/387 385/411/390
f 341/383/364 340/380/361 371/409/388 372/412/391
f 328/384/365 327/381/362 358/410/389 359/413/392
f 355/385/366 354/382/363 385/411/390 386/414/393
f 342/386/367 341/383/364 372/412/391 373/415/394
f 329/387/368 328/384/365 359/413/392 360/416/395
f 356/388/369 355/385/366 386/414/393 387/417/396
f 343/389/370 342/386/367 373/415/394 374/418/397
f 330/390/371 329/387/368 360/416/395 361/419/398
f 1226/420/56 356/388/369 387/417/396
f 344/392/372 343/389/370 374/418/397 375/421/399
f 331/393/373 330/390/371 361/419/398 362/422/400
f 345/394/374 344/392/372 375/421/399 376/423/401
f 332/362/344 331/393/373 362/422/400 363/424/402
f 346/364/346 345/394/374 376/423/401 377/425/403
f 333/363/345 332/362/344 363/424/402 364/426/404
f 347/365/347 346/364/346 377/425/403 378/427/405
f 334/366/348 333/363/345 364/426/404 365/395/375
f 348/367/349 347/365/347 378/427/405 379/397/377
f 368/401/381 367/399/379 398/428/406 399/429/407
f 382/402/382 381/400/380 412/430/408 413/431/409
f 369/403/383 368/401/381 399/429/407 400/432/410
f 383/404/384 382/402/382 413/431/409 414/433/411
f 370/405/385 369/403/383 400/432/410 401/434/412
f 357/407/386 1039/435/30 388/436/413
f 384/408/387 383/404/384 414/433/411 415/437/414
f 371/409/388 370/405/385 401/434/412 402/438/415
f 358/410/389 357/407/386 388/436/413 389/439/416
f 385/411/390 384/408/387 415/437/414 416/440/417
f 372/412/391 371/409/388 402/438/415 403/441/418
f 359/413/392 358/410/389 389/439/416 390/442/419
f 386/414/393 385/411/390 416/440/417 417/443/420
f 373/415/394 372/412/391 403/441/418 404/444/421
f 360/416/395 359/413/392 390/442/419 391/445/422
f 387/417/396 386/414/393 417/443/420 418/446/423
f 374/418/397 373/415/394 404/444/421 405/447/424
f 361/419/398 360/416/395 391/445/422 392/448/425
f 1226/449/56 387/417/396 418/446/423
f 375/421/399 374/418/397 405/447/424 406/450/426
f 362/422/400 361/419/398 392/448/425 393/451/427
f 376/423/401 375/421/399 406/450/426 407/452/428
f 363/424/402 362/422/400 393/451/427 394/453/429
f 377/425/403 376/423/401 407/452/428 408/454/430
f 364/426/404 363/424/402 394/453/429 395/455/431
f 378/427/405 377/425/403 408/454/430 409/456/432
f 365/395/375 364/426/404 395/455/431 396/457/433
f 379/397/377 378/427/405 409/456/432 410/458/434
f 366/396/376 365/395/375 396/457/433 397/459/435
f 380/398/378 379/397/377 410/458/434 411/460/436
f 367/399/379 366/396/376 397/459/435 398/428/406
f 381/400/380 380/398/378 411/460/436 412/430/408
f 401/434/412 400/432/410 431/461/437 432/462/438
f 388/436/413 1039/463/30 419/464/439
f 415/437/414 414/433/411 445/465/440 446/466/441
f 402/438/415 401/434/412 432/462/438 433/467/442
f 389/439/416 388/436/413 419/464/439 420/468/443
f 416/440/417 415/437/414 446/466/441 447/469/444
f 403/441/418 402/438/415 433/467/442 434/470/445
f 390/442/419 389/439/416 420/468/443 421/471/446
f 417/443/420 416/440/417 447/469/444 448/472/447
f 404/444/421 403/441/418 434/470/445 435/473/448
f 391/445/422 390/442/419 421/471/446 422/474/449
f 418/446/423 417/443/420 448/472/447 449/475/450
f 405/447/424 404/444/421 435/473/448 436/476/451
f 392/448/425 391/445/422 422/474/449 423/477/452
f 1226/478/56 418/446/423 449/475/450
f 406/450/426 405/447/424 436/476/451 437/479/453
f 393/451/427 392/448/425 423/477/452 424/480/454
f 407/452/428 406/450/426 437/479/453 438/481/455
f 394/453/429 393/451/427 424/480/454 425/482/456
f 408/454/430 407/452/428 438/481/455 439/483/457
f 395/455/431 394/453/429 425/482/456 426/484/458
f 409/456/432 408/454/430 439/483/457 440/485/459
f 396/457/433 395/455/431 426/484/458 427/486/460
f 410/458/434 409/456/432 440/485/459 441/487/461
f 397/459/435 396/457/433 427/486/460 428/488/462
f 411/460/436 410/458/434 441/487/461 442/489/463
f 398/428/406 397/459/435 428/488/462 429/490/464
f 412/430/408 411/460/436 442/489/463 443/491/465
f 399/429/407 398/428/406 429/490/464 430/492/466
f 413/431/409 412/430/408 443/491/465 444/493/467
f 400/432/410 399/429/407 430/492/466 431/461/437
f 414/433/411 413/431/409 444/493/467 445/465/440
f 434/470/445 433/467/442 464/494/468 465/495/469
f 421/471/446 420/468/443 451/496/470 452/497/471
f 448/472/447 447/469/444 478/498/472 479/499/473
f 435/473/448 434/470/445 465/495/469 466/500/474
f 422/474/449 421/471/446 452/497/471 453/501/475
f 449/475/450 448/472/447 479/499/473 480/502/476
f 436/476/451 435/473/448 466/500/474 467/503/477
f 423/477/452 422/474/449 453/501/475 454/504/478
f 1226/505/56 449/475/450 480/502/476
f 437/479/453 436/476/451 467/503/477 468/506/479
f 424/480/454 423/477/452 454/504/478 455/507/480
f 438/481/455 437/479/453 468/506/479 469/508/481
f 425/482/456 424/480/454 455/507/480 456/509/482
f 439/483/457 438/481/455 469/508/481 470/510/483
f 426/484/458 425/482/456 456/509/482 457/511/484
f 440/485/459 439/483/457 470/510/483 471/512/485
f 427/486/460 426/484/458 457/511/484 458/513/486
f 441/487/461 440/485/459 471/512/485 472/514/487
f 428/488/462 427/486/460 458/513/486 459/515/488
f 442/489/463 441/487/461 472/514/487 473/516/489
f 429/490/464 428/488/462 459/515/488 460/517/490
f 443/491/465 442/489/463 473/516/489 474/518/491
f 430/492/466 429/490/464 460/517/490 461/519/492
f 444/493/467 443/491/465 474/518/491 475/520/493
f 431/461/437 430/492/466 461/519/492 462/521/494
f 445/465/440 444/493/467 475/520/493 476/522/495
f 432/462/438 431/461/437 462/521/494 463/523/496
f 419/464/439 1039/524/30 450/525/497
f 446/466/441 445/465/440 476/522/495 477/526/498
f 433/467/442 432/462/438 463/523/496 464/494/468
f 420/468/443 419/464/439 450/525/497 451/496/470
f 447/469/444 446/466/441 477/526/498 478/498/472
f 467/503/477 466/500/474 497/527/499 498/528/500
f 454/504/478 453/501/475 484/529/501 485/530/502
f 1226/531/56 480/502/476 511/532/503
f 468/506/479 467/503/477 498/528/500 499/533/504
f 455/507/480 454/504/478 485/530/502 486/534/505
f 469/508/481 468/506/479 499/533/504 500/535/506
f 456/509/482 455/507/480 486/534/505 487/536/507
f 470/510/483 469/508/481 500/535/506 501/537/508
f 457/511/484 456/509/482 487/536/507 488/538/509
f 471/512/485 470/510/483 501/537/508 502/539/510
f 458/513/486 457/511/484 488/538/509 489/540/511
f 472/514/487 471/512/485 502/539/510 503/541/512
f 459/515/488 458/513/486 489/540/511 490/542/513
f 473/516/489 472/514/487 503/541/512 504/543/514
f 460/517/490 459/515/488 490/542/513 491/544/515
f 474/518/491 473/516/489 504/543/514 505/545/516
f 461/519/492 460/517/490 491/544/515 492/546/517
f 475/520/493 474/518/491 505/545/516 506/547/518
f 462/521/494 461/519/492 492/546/517 493/548/519
f 476/522/495 475/520/493 506/547/518 507/549/520
f 463/523/496 462/521/494 493/548/519 494/550/521
f 450/525/497 1039/551/30 481/552/522
f 477/526/498 476/522/495 507/549/520 508/553/523
f 464/494/468 463/523/496 494/550/521 495/554/524
f 451/496/470 450/525/497 481/552/522 482/555/525
f 478/498/472 477/526/498 508/553/523 509/556/526
f 465/495/469 464/494/468 495/554/524 496/557/527
f 452/497/471 451/496/470 482/555/525 483/558/528
f 479/499/473 478/498/472 509/556/526 510/559/529
f 466/500/474 465/495/469 496/557/527 497/527/499
f 453/501/475 452/497/471 483/558/528 484/529/501
f 480/502/476 479/499/473 510/559/529 511/532/503
f 500/535/506 499/533/504 530/560/530 531/561/531
f 487/536/507 486/534/505 517/562/532 518/563/533
f 501/537/508 500/535/506 531/561/531 532/564/534
f 488/538/509 487/536/507 518/563/533 519/565/535
f 502/539/510 501/537/508 532/564/534 533/566/536
f 489/540/511 488/538/509 519/565/535 520/567/537
f 503/541/512 502/539/510 533/566/536 534/568/538
f 490/542/513 489/540/511 520/567/537 521/569/539
f 504/543/514 503/541/512 534/568/538 535/570/540
f 491/544/515 490/542/513 521/569/539 522/571/541
f 505/545/516 504/543/514 535/570/540 536/572/542
f 492/546/517 491/544/515 522/571/541 523/573/543
f 506/547/518 505/545/516 536/572/542 537/574/544
f 493/548/519 492/546/517 523/573/543 524/575/545
f 507/549/520 506/547/518 537/574/544 538/576/546
f 494/550/521 493/548/519 524/575/545 525/577/547
f 481/552/522 1039/578/30 512/579/548
f 508/553/523 507/549/520 538/576/546 539/580/549
f 495/554/524 494/550/521 525/577/547 526/581/550
f 482/555/525 481/552/522 512/579/548 513/582/551
f 509/556/526 508/553/523 539/580/549 540/583/552
f 496/557/527 495/554/524 526/581/550 527/584/553
f 483/558/528 482/555/525 513/582/551 514/585/554
f 510/559/529 509/556/526 540/583/552 541/586/555
f 497/527/499 496/557/527 527/584/553 528/587/556
f 484/529/501 483/558/528 514/585/554 515/588/557
f 511/532/503 510/559/529 541/586/555 542/589/558
f 498/528/500 497/527/499 528/587/556 529/590/559
f 485/530/502 484/529/501 515/588/557 516/591/560
f 1226/592/56 511/532/503 542/589/558
f 499/533/504 498/528/500 529/590/559 530/560/530
f 486/534/505 485/530/502 516/591/560 517/562/532
f 533/566/536 532/564/534 563/593/561 564/594/562
f 520/567/537 519/565/535 550/595/563 551/596/564
f 534/568/538 533/566/536 564/594/562 565/597/565
f 521/569/539 520/567/537 551/596/564 552/598/566
f 535/570/540 534/568/538 565/597/565 566/599/567
f 522/571/541 521/569/539 552/598/566 553/600/568
f 536/572/542 535/570/540 566/599/567 567/601/569
f 523/573/543 522/571/541 553/600/568 554/602/570
f 537/574/544 536/572/542 567/601/569 568/603/571
f 524/575/545 523/573/543 554/602/570 555/604/572
f 538/576/546 537/574/544 568/603/571 569/605/573
f 525/577/547 524/575/545 555/604/572 556/606/574
f 512/579/548 1039/607/30 543/608/575
f 539/580/549 538/576/546 569/605/573 570/609/576
f 526/581/550 525/577/547 556/606/574 557/610/577
f 513/582/551 512/579/548 543/608/575 544/611/578
f 540/583/552 539/580/549 570/609/576 571/612/579
f 527/584/553 526/581/550 557/610/577 558/613/580
f 514/585/554 513/582/551 544/611/578 545/614/581
f 541/586/555 540/583/552 571/612/579 572/615/582
f 528/587/556 527/584/553 558/613/580 559/616/583
f 515/588/557 514/585/554 545/614/581 546/617/584
f 542/589/558 541/586/555 572/615/582 573/618/585
f 529/590/559 528/587/556 559/616/583 560/619/586
f 516/591/560 515/588/557 546/617/584 547/620/587
f 1226/621/56 542/589/558 573/618/585
f 530/560/530 529/590/559 560/619/586 561/622/588
f 517/562/532 516/591/560 547/620/587 548/623/589
f 531/561/531 530/560/530 561/622/588 562/624/590
f 518/563/533 517/562/532 548/623/589 549/625/591
f 532/564/534 531/561/531 562/624/590 563/593/561
f 519/565/535 518/563/533 549/625/591 550/595/563
f 566/599/567 565/597/565 596/626/592 597/627/593
f 553/600/568 552/598/566 583/628/594 584/629/595
f 567/601/569 566/599/567 597/627/593 598/630/596
f 554/602/570 553/600/568 584/629/595 585/631/597
f 568/603/571 567/601/569 598/630/596 599/632/598
f 555/604/572 554/602/570 585/631/597 586/633/599
f 569/605/573 568/603/571 599/632/598 600/634/600
f 556/606/574 555/604/572 586/633/599 587/635/601
f 543/608/575 1039/636/30 574/637/602
f 570/609/576 569/605/573 600/634/600 601/638/603
f 557/610/577 556/606/574 587/635/601 588/639/604
f 544/611/578 543/608/575 574/637/602 575/640/605
f 571/612/579 570/609/576 601/638/603 602/641/606
f 558/613/580 557/610/577 588/639/604 589/642/607
f 545/614/581 544/611/578 575/640/605 576/643/608
f 572/615/582 571/612/579 602/641/606 603/644/609
f 559/616/583 558/613/580 589/642/607 590/645/610
f 546/617/584 545/614/581 576/643/608 577/646/611
f 573/618/585 572/615/582 603/644/609 604/647/612
f 560/619/586 559/616/583 590/645/610 591/648/613
f 547/620/587 546/617/584 577/646/611 578/649/614
f 1226/650/56 573/618/585 604/647/612
f 561/622/588 560/619/586 591/648/613 592/651/615
f 548/623/589 547/620/587 578/649/614 579/652/616
f 562/624/590 561/622/588 592/651/615 593/653/617
f 549/625/591 548/623/589 579/652/616 580/654/618
f 563/593/561 562/624/590 593/653/617 594/655/619
f 550/595/563 549/625/591 580/654/618 581/656/620
f 564/594/562 563/593/561 594/655/619 595/657/621
f 551/596/564 550/595/563 581/656/620 582/658/622
f 565/597/565 564/594/562 595/657/621 596/626/592
f 552/598/566 551/596/564 582/658/622 583/628/594
f 599/632/598 598/630/596 629/659/623 630/660/624
f 586/633/599 585/631/597 616/661/625 617/662/626
f 600/634/600 599/632/598 630/660/624 631/663/627
f 587/635/601 586/633/599 617/662/626 618/664/628
f 574/637/602 1039/665/30 605/666/629
f 601/638/603 600/634/600 631/663/627 632/667/630
f 588/639/604 587/635/601 618/664/628 619/668/631
f 575/640/605 574/637/602 605/666/629 606/669/632
f 602/641/606 601/638/603 632/667/630 633/670/633
f 589/642/607 588/639/604 619/668/631 620/671/634
f 576/643/608 575/640/605 606/669/632 607/672/635
f 603/644/609 602/641/606 633/670/633 634/673/636
f 590/645/610 589/642/607 620/671/634 621/674/637
f 577/646/611 576/643/608 607/672/635 608/675/638
f 604/647/612 603/644/609 634/673/636 635/676/639
f 591/648/613 590/645/610 621/674/637 622/677/640
f 578/649/614 577/646/611 608/675/638 609/678/641
f 1226/679/56 604/647/612 635/676/639
f 592/651/615 591/648/613 622/677/640 623/680/642
f 579/652/616 578/649/614 609/678/641 610/681/643
f 593/653/617 592/651/615 623/680/642 624/682/644
f 580/654/618 579/652/616 610/681/643 611/683/645
f 594/655/619 593/653/617 624/682/644 625/684/646
f 581/656/620 580/654/618 611/683/645 612/685/647
f 595/657/621 594/655/619 625/684/646 626/686/648
f 582/658/622 581/656/620 612/685/647 613/687/649
f 596/626/592 595/657/621 626/686/648 627/688/650
f 583/628/594 582/658/622 613/687/649 614/689/651
f 597/627/593 596/626/592 627/688/650 628/690/652
f 584/629/595 583/628/594 614/689/651 615/691/653
f 598/630/596 597/627/593 628/690/652 629/659/623
f 585/631/597 584/629/595 615/691/653 616/661/625
f 605/666/629 1039/692/30 636/693/654
f 632/667/630 631/663/627 662/694/655 663/695/656
f 619/668/631 618/664/628 649/696/657 650/697/658
f 606/669/632 605/666/629 636/693/654 637/698/659
f 633/670/633 632/667/630 663/695/656 664/699/660
f 620/671/634 619/668/631 650/697/658 651/700/661
f 607/672/635 606/669/632 637/698/659 638/701/662
f 634/673/636 633/670/633 664/699/660 665/702/663
f 621/674/637 620/671/634 651/700/661 652/703/664
f 608/675/638 607/672/635 638/701/662 639/704/665
f 635/676/639 634/673/636 665/702/663 666/705/666
f 622/677/640 621/674/637 652/703/664 653/706/667
f 609/678/641 608/675/638 639/704/665 640/707/668
f 1226/708/56 635/676/639 666/705/666
f 623/680/642 622/677/640 653/706/667 654/709/669
f 610/681/643 609/678/641 640/707/668 641/710/670
f 624/682/644 623/680/642 654/709/669 655/711/671
f 611/683/645 610/681/643 641/710/670 642/712/672
f 625/684/646 624/682/644 655/711/671 656/713/673
f 612/685/647 611/683/645 642/712/672 643/714/674
f 626/686/648 625/684/646 656/713/673 657/715/675
f 613/687/649 612/685/647 643/714/674 644/716/676
f 627/688/650 626/686/648 657/715/675 658/717/677
f 614/689/651 613/687/649 644/716/676 645/718/678
f 628/690/652 627/688/650 658/717/677 659/719/679
f 615/691/653 614/689/651 645/718/678 646/720/680
f 629/659/623 628/690/652 659/719/679 660/721/681
f 616/661/625 615/691/653 646/720/680 647/722/682
f 630/660/624 629/659/623 660/721/681 661/723/683
f 617/662/626 616/661/625 647/722/682 648/724/684
f 631/663/627 630/660/624 661/723/683 662/694/655
f 618/664/628 617/662/626 648/724/684 649/696/657
f 638/701/662 637/698/659 668/725/685 669/726/686
f 665/702/663 664/699/660 695/727/687 696/728/688
f 652/703/664 651/700/661 682/729/689 683/730/690
f 639/704/665 638/701/662 669/726/686 670/731/691
f 666/705/666 665/702/663 696/728/688 697/732/692
f 653/706/667 652/703/664 683/730/690 684/733/693
f 640/707/668 639/704/665 670/731/691 671/734/694
f 1226/735/56 666/705/666 697/732/692
f 654/709/669 653/706/667 684/733/693 685/736/695
f 641/710/670 640/707/668 671/734/694 672/737/696
f 655/711/671 654/709/669 685/736/695 686/738/697
f 642/712/672 641/710/670 672/737/696 673/739/698
f 656/713/673 655/711/671 686/738/697 687/740/699
f 643/714/674 642/712/672 673/739/698 674/741/700
f 657/715/675 656/713/673 687/740/699 688/742/701
f 644/716/676 643/714/674 674/741/700 675/743/702
f 658/717/677 657/715/675 688/742/701 689/744/703
f 645/718/678 644/716/676 675/743/702 676/745/704
f 659/719/679 658/717/677 689/744/703 690/746/705
f 646/720/680 645/718/678 676/745/704 677/747/706
f 660/721/681 659/719/679 690/746/705 691/748/707
f 647/722/682 646/720/680 677/747/706 678/749/708
f 661/723/683 660/721/681 691/748/707 692/750/709
f 648/724/684 647/722/682 678/749/708 679/751/710
f 662/694/655 661/723/683 692/750/709 693/752/711
f 649/696/657 648/724/684 679/751/710 680/753/712
f 636/693/654 1039/754/30 667/755/713
f 663/695/656 662/694/655 693/752/711 694/756/714
f 650/697/658 649/696/657 680/753/712 681/757/715
f 637/698/659 636/693/654 667/755/713 668/725/685
f 664/699/660 663/695/656 694/756/714 695/727/687
f 651/700/661 650/697/658 681/757/715 682/729/689
f 671/734/694 670/731/691 701/758/716 702/759/717
f 1226/760/56 697/732/692 728/761/718
f 685/736/695 684/733/693 715/762/719 716/763/720
f 672/737/696 671/734/694 702/759/717 703/764/721
f 686/738/697 685/736/695 716/763/720 717/765/722
f 673/739/698 672/737/696 703/764/721 704/766/723
f 687/740/699 686/738/697 717/765/722 718/767/724
f 674/741/700 673/739/698 704/766/723 705/768/725
f 688/742/701 687/740/699 718/767/724 719/769/726
f 675/743/702 674/741/700 705/768/725 706/770/727
f 689/744/703 688/742/701 719/769/726 720/771/728
f 676/745/704 675/743/702 706/770/727 707/772/729
f 690/746/705 689/744/703 720/771/728 721/773/730
f 677/747/706 676/745/704 707/772/729 708/774/731
f 691/748/707 690/746/705 721/773/730 722/775/732
f 678/749/708 677/747/706 708/774/731 709/776/733
f 692/750/709 691/748/707 722/775/732 723/777/734
f 679/751/710 678/749/708 709/776/733 710/778/735
f 693/752/711 692/750/709 723/777/734 724/779/736
f 680/753/712 679/751/710 710/778/735 711/780/737
f 667/755/713 1039/781/30 698/782/738
f 694/756/714 693/752/711 724/779/736 725/783/739
f 681/757/715 680/753/712 711/780/737 712/784/740
f 668/725/685 667/755/713 698/782/738 699/785/741
f 695/727/687 694/756/714 725/783/739 726/786/742
f 682/729/689 681/757/715 712/784/740 713/787/743
f 669/726/686 668/725/685 699/785/741 700/788/744
f 696/728/688 695/727/687 726/786/742 727/789/745
f 683/730/690 682/729/689 713/787/743 714/790/746
f 670/731/691 669/726/686 700/788/744 701/758/716
f 697/732/692 696/728/688 727/789/745 728/761/718
f 684/733/693 683/730/690 714/790/746 715/762/719
f 704/766/723 703/764/721 734/791/747 735/792/748
f 718/767/724 717/765/722 748/793/749 749/794/750
f 705/768/725 704/766/723 735/792/748 736/795/751
f 719/769/726 718/767/724 749/794/750 750/796/752
f 706/770/727 705/768/725 736/795/751 737/797/753
f 720/771/728 719/769/726 750/796/752 751/798/754
f 707/772/729 706/770/727 737/797/753 738/799/755
f 721/773/730 720/771/728 751/798/754 752/800/756
f 708/774/731 707/772/729 738/799/755 739/801/757
f 722/775/732 721/773/730 752/800/756 753/802/758
f 709/776/733 708/774/731 739/801/757 740/803/759
f 723/777/734 722/775/732 753/802/758 754/804/760
f 710/778/735 709/776/733 740/803/759 741/805/761
f 724/779/736 723/777/734 754/804/760 755/806/762
f 711/780/737 710/778/735 741/805/761 742/807/763
f 698/782/738 1039/808/30 729/809/764
f 725/783/739 724/779/736 755/806/762 756/810/765
f 712/784/740 711/780/737 742/807/763 743/811/766
f 699/785/741 698/782/738 729/809/764 730/812/767
f 726/786/742 725/783/739 756/810/765 757/813/768
f 713/787/743 712/784/740 743/811/766 744/814/769
f 700/788/744 699/785/741 730/812/767 731/815/770
f 727/789/745 726/786/742 757/813/768 758/816/771
f 714/790/746 713/787/743 744/814/769 745/817/772
f 701/758/716 700/788/744 731/815/770 732/818/773
f 728/761/718 727/789/745 758/816/771 759/819/774
f 715/762/719 714/790/746 745/817/772 746/820/775
f 702/759/717 701/758/716 732/818/773 733/821/776
f 1226/822/56 728/761/718 759/819/774
f 716/763/720 715/762/719 746/820/775 747/823/777
f 703/764/721 702/759/717 733/821/776 734/791/747
f 717/765/722 716/763/720 747/823/777 748/793/749
f 737/797/753 736/795/751 767/824/778 768/825/779
f 751/798/754 750/796/752 781/826/780 782/827/781
f 738/799/755 737/797/753 768/825/779 769/828/782
f 752/800/756 751/798/754 782/827/781 783/829/783
f 739/801/757 738/799/755 769/828/782 770/830/784
f 753/802/758 752/800/756 783/829/783 784/831/785
f 740/803/759 739/801/757 770/830/784 771/832/786
f 754/804/760 753/802/758 784/831/785 785/833/787
f 741/805/761 740/803/759 771/832/786 772/834/788
f 755/806/762 754/804/760 785/833/787 786/835/789
f 742/807/763 741/805/761 772/834/788 773/836/790
f 729/809/764 1039/837/30 760/838/791
f 756/810/765 755/806/762 786/835/789 787/839/792
f 743/811/766 742/807/763 773/836/790 774/840/793
f 730/812/767 729/809/764 760/838/791 761/841/794
f 757/813/768 756/810/765 787/839/792 788/842/795
f 744/814/769 743/811/766 774/840/793 775/843/796
f 731/815/770 730/812/767 761/841/794 762/844/797
f 758/816/771 757/813/768 788/842/795 789/845/798
f 745/817/772 744/814/769 775/843/796 776/846/799
f 732/818/773 731/815/770 762/844/797 763/847/800
f 759/819/774 758/816/771 789/845/798 790/848/801
f 746/820/775 745/817/772 776/846/799 777/849/802
f 733/821/776 732/818/773 763/847/800 764/850/803
f 1226/851/56 759/819/774 790/848/801
f 747/823/777 746/820/775 777/849/802 778/852/804
f 734/791/747 733/821/776 764/850/803 765/853/805
f 748/793/749 747/823/777 778/852/804 779/854/806
f 735/792/748 734/791/747 765/853/805 766/855/807
f 749/794/750 748/793/749 779/854/806 780/856/808
f 736/795/751 735/792/748 766/855/807 767/824/778
f 750/796/752 749/794/750 780/856/808 781/826/780
f 770/830/784 769/828/782 800/857/809 801/858/810
f 784/831/785 783/829/783 814/859/811 815/860/812
f 771/832/786 770/830/784 801/858/810 802/861/813
f 785/833/787 784/831/785 815/860/812 816/862/814
f 772/834/788 771/832/786 802/861/813 803/863/815
f 786/835/789 785/833/787 816/862/814 817/864/816
f 773/836/790 772/834/788 803/863/815 804/865/817
f 760/838/791 1039/866/30 791/867/818
f 787/839/792 786/835/789 817/864/816 818/868/819
f 774/840/793 773/836/790 804/865/817 805/869/820
f 761/841/794 760/838/791 791/867/818 792/870/821
f 788/842/795 787/839/792 818/868/819 819/871/822
f 775/843/796 774/840/793 805/869/820 806/872/823
f 762/844/797 761/841/794 792/870/821 793/873/824
f 789/845/798 788/842/795 819/871/822 820/874/825
f 776/846/799 775/843/796 806/872/823 807/875/826
f 763/847/800 762/844/797 793/873/824 794/876/827
f 790/848/801 789/845/798 820/874/825 821/877/828
f 777/849/802 776/846/799 807/875/826 808/878/829
f 764/850/803 763/847/800 794/876/827 795/879/830
f 1226/880/56 790/848/801 821/877/828
f 778/852/804 777/849/802 808/878/829 809/881/831
f 765/853/805 764/850/803 795/879/830 796/882/832
f 779/854/806 778/852/804 809/881/831 810/883/833
f 766/855/807 765/853/805 796/882/832 797/884/834
f 780/856/808 779/854/806 810/883/833 811/885/835
f 767/824/778 766/855/807 797/884/834 798/886/836
f 781/826/780 780/856/808 811/885/835 812/887/837
f 768/825/779 767/824/778 798/886/836 799/888/838
f 782/827/781 781/826/780 812/887/837 813/889/839
f 769/828/782 768/825/779 799/888/838 800/857/809
f 783/829/783 782/827/781 813/889/839 814/859/811
f 810/883/833 809/881/831 840/890/840 841/891/841
f 797/884/834 796/882/832 827/892/842 828/893/843
f 811/885/835 810/883/833 841/891/841 842/894/844
f 798/886/836 797/884/834 828/893/843 829/895/845
f 812/887/837 811/885/835 842/894/844 843/896/846
f 799/888/838 798/886/836 829/895/845 830/897/847
f 813/889/839 812/887/837 843/896/846 844/898/848
f 800/857/809 799/888/838 830/897/847 831/899/849
f 814/859/811 813/889/839 844/898/848 845/900/850
f 801/858/810 800/857/809 831/899/849 832/901/851
f 815/860/812 814/859/811 845/900/850 846/902/852
f 802/861/813 801/858/810 832/901/851 833/903/853
f 816/862/814 815/860/812 846/902/852 847/904/854
f 803/863/815 802/861/813 833/903/853 834/905/855
f 817/864/816 816/862/814 847/904/854 848/906/856
f 804/865/817 803/863/815 834/905/855 835/907/857
f 791/867/818 1039/908/30 822/909/858
f 818/868/819 817/864/816 848/906/856 849/910/859
f 805/869/820 804/865/817 835/907/857 836/911/860
f 792/870/821 791/867/818 822/909/858 823/912/861
f 819/871/822 818/868/819 849/910/859 850/913/862
f 806/872/823 805/869/820 836/911/860 837/914/863
f 793/873/824 792/870/821 823/912/861 824/915/864
f 820/874/825 819/871/822 850/913/862 851/916/865
f 807/875/826 806/872/823 837/914/863 838/917/866
f 794/876/827 793/873/824 824/915/864 825/918/867
f 821/877/828 820/874/825 851/916/865 852/919/868
f 808/878/829 807/875/826 838/917/866 839/920/869
f 795/879/830 794/876/827 825/918/867 826/921/870
f 1226/922/56 821/877/828 852/919/868
f 809/881/831 808/878/829 839/920/869 840/890/840
f 796/882/832 795/879/830 826/921/870 827/892/842
f 843/896/846 842/894/844 873/923/871 874/924/872
f 830/897/847 829/895/845 860/925/873 861/926/874
f 844/898/848 843/896/846 874/924/872 875/927/875
f 831/899/849 830/897/847 861/926/874 862/928/876
f 845/900/850 844/898/848 875/927/875 876/929/877
f 832/901/851 831/899/849 862/928/876 863/930/878
f 846/902/852 845/900/850 876/929/877 877/931/879
f 833/903/853 832/901/851 863/930/878 864/932/880
f 847/904/854 846/902/852 877/931/879 878/933/881
f 834/905/855 833/903/853 864/932/880 865/934/882
f 848/906/856 847/904/854 878/933/881 879/935/883
f 835/907/857 834/905/855 865/934/882 866/936/884
f 822/909/858 1039/937/30 853/938/885
f 849/910/859 848/906/856 879/935/883 880/939/886
f 836/911/860 835/907/857 866/936/884 867/940/887
f 823/912/861 822/909/858 853/938/885 854/941/888
f 850/913/862 849/910/859 880/939/886 881/942/889
f 837/914/863 836/911/860 867/940/887 868/943/890
f 824/915/864 823/912/861 854/941/888 855/944/891
f 851/916/865 850/913/862 881/942/889 882/945/892
f 838/917/866 837/914/863 868/943/890 869/946/893
f 825/918/867 824/915/864 855/944/891 856/947/894
f 852/919/868 851/916/865 882/945/892 883/948/895
f 839/920/869 838/917/866 869/946/893 870/949/896
f 826/921/870 825/918/867 856/947/894 857/950/897
f 1226/951/56 852/919/868 883/948/895
f 840/890/840 839/920/869 870/949/896 871/952/898
f 827/892/842 826/921/870 857/950/897 858/953/899
f 841/891/841 840/890/840 871/952/898 872/954/900
f 828/893/843 827/892/842 858/953/899 859/955/901
f 842/894/844 841/891/841 872/954/900 873/923/871
f 829/895/845 828/893/843 859/955/901 860/925/873
f 876/929/877 875/927/875 906/956/902 907/957/903
f 863/930/878 862/928/876 893/958/904 894/959/905
f 877/931/879 876/929/877 907/957/903 908/960/906
f 864/932/880 863/930/878 894/959/905 895/961/907
f 878/933/881 877/931/879 908/960/906 909/962/908
f 865/934/882 864/932/880 895/961/907 896/963/909
f 879/935/883 878/933/881 909/962/908 910/964/910
f 866/936/884 865/934/882 896/963/909 897/965/911
f 853/938/885 1039/966/30 884/967/912
f 880/939/886 879/935/883 910/964/910 911/968/913
f 867/940/887 866/936/884 897/965/911 898/969/914
f 854/941/888 853/938/885 884/967/912 885/970/915
f 881/942/889 880/939/886 911/968/913 912/971/916
f 868/943/890 867/940/887 898/969/914 899/972/917
f 855/944/891 854/941/888 885/970/915 886/973/918
f 882/945/892 881/942/889 912/971/916 913/974/919
f 869/946/893 868/943/890 899/972/917 900/975/920
f 856/947/894 855/944/891 886/973/918 887/976/921
f 883/948/895 882/945/892 913/974/919 914/977/922
f 870/949/896 869/946/893 900/975/920 901/978/923
f 857/950/897 856/947/894 887/976/921 888/979/924
f 1226/980/56 883/948/895 914/977/922
f 871/952/898 870/949/896 901/978/923 902/981/925
f 858/953/899 857/950/897 888/979/924 889/982/926
f 872/954/900 871/952/898 902/981/925 903/983/927
f 859/955/901 858/953/899 889/982/926 890/984/928
f 873/923/871 872/954/900 903/983/927 904/985/929
f 860/925/873 859/955/901 890/984/928 891/986/930
f 874/924/872 873/923/871 904/985/929 905/987/931
f 861/926/874 860/925/873 891/986/930 892/988/932
f 875/927/875 874/924/872 905/987/931 906/956/902
f 862/928/876 861/926/874 892/988/932 893/958/904
f 909/962/908 908/960/906 939/989/933 940/990/934
f 896/963/909 895/961/907 926/991/935 927/992/936
f 910/964/910 909/962/908 940/990/934 941/993/937
f 897/965/911 896/963/909 927/992/936 928/994/938
f 884/967/912 1039/995/30 915/996/939
f 911/968/913 910/964/910 941/993/937 942/997/940
f 898/969/914 897/965/911 928/994/938 929/998/941
f 885/970/915 884/967/912 915/996/939 916/999/942
f 912/971/916 911/968/913 942/997/940 943/1000/943
f 899/972/917 898/969/914 929/998/941 930/1001/944
f 886/973/918 885/970/915 916/999/942 917/1002/945
f 913/974/919 912/971/916 943/1000/943 944/1003/946
f 900/975/920 899/972/917 930/1001/944 931/1004/947
f 887/976/921 886/973/918 917/1002/945 918/1005/948
f 914/977/922 913/974/919 944/1003/946 945/1006/949
f 901/978/923 900/975/920 931/1004/947 932/1007/950
f 888/979/924 887/976/921 918/1005/948 919/1008/951
f 1226/1009/56 914/977/922 945/1006/949
f 902/981/925 901/978/923 932/1007/950 933/1010/952
f 889/982/926 888/979/924 919/1008/951 920/1011/953
f 903/983/927 902/981/925 933/1010/952 934/1012/954
f 890/984/928 889/982/926 920/1011/953 921/1013/955
f 904/985/929 903/983/927 934/1012/954 935/1014/956
f 891/986/930 890/984/928 921/1013/955 922/1015/957
f 905/987/931 904/985/929 935/1014/956 936/1016/958
f 892/988/932 891/986/930 922/1015/957 923/1017/959
f 906/956/902 905/987/931 936/1016/958 937/1018/960
f 893/958/904 892/988/932 923/1017/959 924/1019/961
f 907/957/903 906/956/902 937/1018/960 938/1020/962
f 894/959/905 893/958/904 924/1019/961 925/1021/963
f 908/960/906 907/957/903 938/1020/962 939/989/933
f 895/961/907 894/959/905 925/1021/963 926/991/935
f 915/996/939 1039/1022/30 946/1023/964
f 942/997/940 941/993/937 972/1024/965 973/1025/966
f 929/998/941 928/994/938 959/1026/967 960/1027/968
f 916/999/942 915/996/939 946/1023/964 947/1028/969
f 943/1000/943 942/997/940 973/1025/966 974/1029/970
f 930/1001/944 929/998/941 960/1027/968 961/1030/971
f 917/1002/945 916/999/942 947/1028/969 948/1031/972
f 944/1003/946 943/1000/943 974/1029/970 975/1032/973
f 931/1004/947 930/1001/944 961/1030/971 962/1033/974
f 918/1005/948 917/1002/945 948/1031/972 949/1034/975
f 945/1006/949 944/1003/946 975/1032/973 976/1035/976
f 932/1007/950 931/1004/947 962/1033/974 963/1036/977
f 919/1008/951 918/1005/948 949/1034/975 950/1037/978
f 1226/1038/56 945/1006/949 976/1035/976
f 933/1010/952 932/1007/950 963/1036/977 964/1039/979
f 920/1011/953 919/1008/951 950/1037/978 951/1040/980
f 934/1012/954 933/1010/952 964/1039/979 965/1041/981
f 921/1013/955 920/1011/953 951/1040/980 952/1042/982
f 935/1014/956 934/1012/954 965/1041/981 966/1043/983
f 922/1015/957 921/1013/955 952/1042/982 953/1044/984
f 936/1016/958 935/1014/956 966/1043/983 967/1045/985
f 923/1017/959 922/1015/957 953/1044/984 954/1046/986
f 937/1018/960 936/1016/958 967/1045/985 968/1047/987
f 924/1019/961 923/1017/959 954/1046/986 955/1048/988
f 938/1020/962 937/1018/960 968/1047/987 969/1049/989
f 925/1021/963 924/1019/961 955/1048/988 956/1050/990
f 939/989/933 938/1020/962 969/1049/989 970/1051/991
f 926/991/935 925/1021/963 956/1050/990 957/1052/992
f 940/990/934 939/989/933 970/1051/991 971/1053/993
f 927/992/936 926/991/935 957/1052/992 958/1054/994
f 941/993/937 940/990/934 971/1053/993 972/1024/965
f 928/994/938 927/992/936 958/1054/994 959/1026/967
f 948/1031/972 947/1028/969 978/1055/995 979/1056/996
f 975/1032/973 974/1029/970 1005/1057/997 1006/1058/998
f 962/1033/974 961/1030/971 992/1059/999 993/1060/1000
f 949/1034/975 948/1031/972 979/1056/996 980/1061/1001
f 976/1035/976 975/1032/973 1006/1058/998 1007/1062/1002
f 963/1036/977 962/1033/974 993/1060/1000 994/1063/1003
f 950/1037/978 949/1034/975 980/1061/1001 981/1064/1004
f 1226/1065/56 976/1035/976 1007/1062/1002
f 964/1039/979 963/1036/977 994/1063/1003 995/1066/1005
f 951/1040/980 950/1037/978 981/1064/1004 982/1067/1006
f 965/1041/981 964/1039/979 995/1066/1005 996/1068/1007
f 952/1042/982 951/1040/980 982/1067/1006 983/1069/1008
f 966/1043/983 965/1041/981 996/1068/1007 997/1070/1009
f 953/1044/984 952/1042/982 983/1069/1008 984/1071/1010
f 967/1045/985 966/1043/983 997/1070/1009 998/1072/1011
f 954/1046/986 953/1044/984 984/1071/1010 985/1073/1012
f 968/1047/987 967/1045/985 998/1072/1011 999/1074/1013
f 955/1048/988 954/1046/986 985/1073/1012 986/1075/1014
f 969/1049/989 968/1047/987 999/1074/1013 1000/1076/1015
f 956/1050/990 955/1048/988 986/1075/1014 987/1077/1016
f 970/1051/991 969/1049/989 1000/1076/1015 1001/1078/1017
f 957/1052/992 956/1050/990 987/1077/1016 988/1079/1018
f 971/1053/993 970/1051/991 1001/1078/1017 1002/1080/1019
f 958/1054/994 957/1052/992 988/1079/1018 989/1081/1020
f 972/1024/965 971/1053/993 1002/1080/1019 1003/1082/1021
f 959/1026/967 958/1054/994 989/1081/1020 990/1083/1022
f 946/1023/964 1039/1084/30 977/1085/1023
f 973/1025/966 972/1024/965 1003/1082/1021 1004/1086/1024
f 960/1027/968 959/1026/967 990/1083/1022 991/1087/1025
f 947/1028/969 946/1023/964 977/1085/1023 978/1055/995
f 974/1029/970 973/1025/966 1004/1086/1024 1005/1057/997
f 961/1030/971 960/1027/968 991/1087/1025 992/1059/999
f 981/1064/1004 980/1061/1001 1011/1088/1026 1012/1089/1027
f 1226/1090/56 1007/1062/1002 1038/1091/1028
f 995/1066/1005 994/1063/1003 1025/1092/1029 1026/1093/1030
f 982/1067/1006 981/1064/1004 1012/1089/1027 1013/1094/1031
f 996/1068/1007 995/1066/1005 1026/1093/1030 1027/1095/1032
f 983/1069/1008 982/1067/1006 1013/1094/1031 1014/1096/1033
f 997/1070/1009 996/1068/1007 1027/1095/1032 1028/1097/1034
f 984/1071/1010 983/1069/1008 1014/1096/1033 1015/1098/1035
f 998/1072/1011 997/1070/1009 1028/1097/1034 1029/1099/1036
f 985/1073/1012 984/1071/1010 1015/1098/1035 1016/1100/1037
f 999/1074/1013 998/1072/1011 1029/1099/1036 1030/1101/1038
f 986/1075/1014 985/1073/1012 1016/1100/1037 1017/1102/1039
f 1000/1076/1015 999/1074/1013 1030/1101/1038 1031/1103/1040
f 987/1077/1016 986/1075/1014 1017/1102/1039 1018/1104/1041
f 1001/1078/1017 1000/1076/1015 1031/1103/1040 1032/1105/1042
f 988/1079/1018 987/1077/1016 1018/1104/1041 1019/1106/1043
f 1002/1080/1019 1001/1078/1017 1032/1105/1042 1033/1107/1044
f 989/1081/1020 988/1079/1018 1019/1106/1043 1020/1108/1045
f 1003/1082/1021 1002/1080/1019 1033/1107/1044 1034/1109/1046
f 990/1083/1022 989/1081/1020 1020/1108/1045 1021/1110/1047
f 977/1085/1023 1039/1111/30 1008/1112/1048
f 1004/1086/1024 1003/1082/1021 1034/1109/1046 1035/1113/1049
f 991/1087/1025 990/1083/1022 1021/1110/1047 1022/1114/1050
f 978/1055/995 977/1085/1023 1008/1112/1048 1009/1115/1051
f 1005/1057/997 1004/1086/1024 1035/1113/1049 1036/1116/1052
f 992/1059/999 991/1087/1025 1022/1114/1050 1023/1117/1053
f 979/1056/996 978/1055/995 1009/1115/1051 1010/1118/1054
f 1006/1058/998 1005/1057/997 1036/1116/1052 1037/1119/1055
f 993/1060/1000 992/1059/999 1023/1117/1053 1024/1120/1056
f 980/1061/1001 979/1056/996 1010/1118/1054 1011/1088/1026
f 1007/1062/1002 1006/1058/998 1037/1119/1055 1038/1091/1028
f 994/1063/1003 993/1060/1000 1024/1120/1056 1025/1092/1029
f 1014/1096/1033 1013/1094/1031 1045/1121/1057 1046/1122/1058
f 1028/1097/1034 1027/1095/1032 1059/1123/1059 1060/1124/1060
f 1015/1098/1035 1014/1096/1033 1046/1122/1058 1047/1125/1061
f 1029/1099/1036 1028/1097/1034 1060/1124/1060 1061/1126/1062
f 1016/1100/1037 1015/1098/1035 1047/1125/1061 1048/1127/1063
f 1030/1101/1038 1029/1099/1036 1061/1126/1062 1062/1128/1064
f 1017/1102/1039 1016/1100/1037 1048/1127/1063 1049/1129/1065
f 1031/1103/1040 1030/1101/1038 1062/1128/1064 1063/1130/1066
f 1018/1104/1041 1017/1102/1039 1049/1129/1065 1050/1131/1067
f 1032/1105/1042 1031/1103/1040 1063/1130/1066 1064/1132/1068
f 1019/1106/1043 1018/1104/1041 1050/1131/1067 1051/1133/1069
f 1033/1107/1044 1032/1105/1042 1064/1132/1068 1065/1134/1070
f 1020/1108/1045 1019/1106/1043 1051/1133/1069 1052/1135/1071
f 1034/1109/1046 1033/1107/1044 1065/1134/1070 1066/1136/1072
f 1021/1110/1047 1020/1108/1045 1052/1135/1071 1053/1137/1073
f 1008/1112/1048 1039/1138/30 1040/1139/1074
f 1035/1113/1049 1034/1109/1046 1066/1136/1072 1067/1140/1075
f 1022/1114/1050 1021/1110/1047 1053/1137/1073 1054/1141/1076
f 1009/1115/1051 1008/1112/1048 1040/1139/1074 1041/1142/1077
f 1036/1116/1052 1035/1113/1049 1067/1140/1075 1068/1143/1078
f 1023/1117/1053 1022/1114/1050 1054/1141/1076 1055/1144/1079
f 1010/1118/1054 1009/1115/1051 1041/1142/1077 1042/1145/1080
f 1037/1119/1055 1036/1116/1052 1068/1143/1078 1069/1146/1081
f 1024/1120/1056 1023/1117/1053 1055/1144/1079 1056/1147/1082
f 1011/1088/1026 1010/1118/1054 1042/1145/1080 1043/1148/1083
f 1038/1091/1028 1037/1119/1055 1069/1146/1081 1070/1149/1084
f 1025/1092/1029 1024/1120/1056 1056/1147/1082 1057/1150/1085
f 1012/1089/1027 1011/1088/1026 1043/1148/1083 1044/1151/1086
f 1226/1152/56 1038/1091/1028 1070/1149/1084
f 1026/1093/1030 1025/1092/1029 1057/1150/1085 1058/1153/1087
f 1013/1094/1031 1012/1089/1027 1044/1151/1086 1045/1121/1057
f 1027/1095/1032 1026/1093/1030 1058/1153/1087 1059/1123/1059
f 1048/1127/1063 1047/1125/1061 1078/1154/1088 1079/1155/1089
f 1062/1128/1064 1061/1126/1062 1092/1156/1090 1093/1157/1091
f 1049/1129/1065 1048/1127/1063 1079/1155/1089 1080/1158/1092
f 1063/1130/1066 1062/1128/1064 1093/1157/1091 1094/1159/1093
f 1050/1131/1067 1049/1129/1065 1080/1158/1092 1081/1160/1094
f 1064/1132/1068 1063/1130/1066 1094/1159/1093 1095/1161/1095
f 1051/1133/1069 1050/1131/1067 1081/1160/1094 1082/1162/1096
f 1065/1134/1070 1064/1132/1068 1095/1161/1095 1096/1163/1097
f 1052/1135/1071 1051/1133/1069 1082/1162/1096 1083/1164/1098
f 1066/1136/1072 1065/1134/1070 1096/1163/1097 1097/1165/1099
f 1053/1137/1073 1052/1135/1071 1083/1164/1098 1084/1166/1100
f 1040/1139/1074 1039/1167/30 1071/1168/1101
f 1067/1140/1075 1066/1136/1072 1097/1165/1099 1098/1169/1102
f 1054/1141/1076 1053/1137/1073 1084/1166/1100 1085/1170/1103
f 1041/1142/1077 1040/1139/1074 1071/1168/1101 1072/1171/1104
f 1068/1143/1078 1067/1140/1075 1098/1169/1102 1099/1172/1105
f 1055/1144/1079 1054/1141/1076 1085/1170/1103 1086/1173/1106
f 1042/1145/1080 1041/1142/1077 1072/1171/1104 1073/1174/1107
f 1069/1146/1081 1068/1143/1078 1099/1172/1105 1100/1175/1108
f 1056/1147/1082 1055/1144/1079 1086/1173/1106 1087/1176/1109
f 1043/1148/1083 1042/1145/1080 1073/1174/1107 1074/1177/1110
f 1070/1149/1084 1069/1146/1081 1100/1175/1108 1101/1178/1111
f 1057/1150/1085 1056/1147/1082 1087/1176/1109 1088/1179/1112
f 1044/1151/1086 1043/1148/1083 1074/1177/1110 1075/1180/1113
f 1226/1181/56 1070/1149/1084 1101/1178/1111
f 1058/1153/1087 1057/1150/1085 1088/1179/1112 1089/1182/1114
f 1045/1121/1057 1044/1151/1086 1075/1180/1113 1076/1183/1115
f 1059/1123/1059 1058/1153/1087 1089/1182/1114 1090/1184/1116
f 1046/1122/1058 1045/1121/1057 1076/1183/1115 1077/1185/1117
f 1060/1124/1060 1059/1123/1059 1090/1184/1116 1091/1186/1118
f 1047/1125/1061 1046/1122/1058 1077/1185/1117 1078/1154/1088
f 1061/1126/1062 1060/1124/1060 1091/1186/1118 1092/1156/1090
f 1081/1160/1094 1080/1158/1092 1111/1187/1119 1112/1188/1120
f 1095/1161/1095 1094/1159/1093 1125/1189/1121 1126/1190/1122
f 1082/1162/1096 1081/1160/1094 1112/1188/1120 1113/1191/1123
f 1096/1163/1097 1095/1161/1095 1126/1190/1122 1127/1192/1124
f 1083/1164/1098 1082/1162/1096 1113/1191/1123 1114/1193/1125
f 1097/1165/1099 1096/1163/1097 1127/1192/1124 1128/1194/1126
f 1084/1166/1100 1083/1164/1098 1114/1193/1125 1115/1195/1127
f 1071/1168/1101 1039/1196/30 1102/1197/1128
f 1098/1169/1102 1097/1165/1099 1128/1194/1126 1129/1198/1129
f 1085/1170/1103 1084/1166/1100 1115/1195/1127 1116/1199/1130
f 1072/1171/1104 1071/1168/1101 1102/1197/1128 1103/1200/1131
f 1099/1172/1105 1098/1169/1102 1129/1198/1129 1130/1201/1132
f 1086/1173/1106 1085/1170/1103 1116/1199/1130 1117/1202/1133
f 1073/1174/1107 1072/1171/1104 1103/1200/1131 1104/1203/1134
f 1100/1175/1108 1099/1172/1105 1130/1201/1132 1131/1204/1135
f 1087/1176/1109 1086/1173/1106 1117/1202/1133 1118/1205/1136
f 1074/1177/1110 1073/1174/1107 1104/1203/1134 1105/1206/1137
f 1101/1178/1111 1100/1175/1108 1131/1204/1135 1132/1207/1138
f 1088/1179/1112 1087/1176/1109 1118/1205/1136 1119/1208/1139
f 1075/1180/1113 1074/1177/1110 1105/1206/1137 1106/1209/1140
f 1226/1210/56 1101/1178/1111 1132/1207/1138
f 1089/1182/1114 1088/1179/1112 1119/1208/1139 1120/1211/1141
f 1076/1183/1115 1075/1180/1113 1106/1209/1140 1107/1212/1142
f 1090/1184/1116 1089/1182/1114 1120/1211/1141 1121/1213/1143
f 1077/1185/1117 1076/1183/1115 1107/1212/1142 1108/1214/1144
f 1091/1186/1118 1090/1184/1116 1121/1213/1143 1122/1215/1145
f 1078/1154/1088 1077/1185/1117 1108/1214/1144 1109/1216/1146
f 1092/1156/1090 1091/1186/1118 1122/1215/1145 1123/1217/1147
f 1079/1155/1089 1078/1154/1088 1109/1216/1146 1110/1218/1148
f 1093/1157/1091 1092/1156/1090 1123/1217/1147 1124/1219/1149
f 1080/1158/1092 1079/1155/1089 1110/1218/1148 1111/1187/1119
f 1094/1159/1093 1093/1157/1091 1124/1219/1149 1125/1189/1121
f 1114/1193/1125 1113/1191/1123 1144/1220/1150 1145/1221/1151
f 1128/1194/1126 1127/1192/1124 1158/1222/1152 1159/1223/1153
f 1115/1195/1127 1114/1193/1125 1145/1221/1151 1146/1224/1154
f 1102/1197/1128 1039/1225/30 1133/1226/1155
f 1129/1198/1129 1128/1194/1126 1159/1223/1153 1160/1227/1156
f 1116/1199/1130 1115/1195/1127 1146/1224/1154 1147/1228/1157
f 1103/1200/1131 1102/1197/1128 1133/1226/1155 1134/1229/1158
f 1130/1201/1132 1129/1198/1129 1160/1227/1156 1161/1230/1159
f 1117/1202/1133 1116/1199/1130 1147/1228/1157 1148/1231/1160
f 1104/1203/1134 1103/1200/1131 1134/1229/1158 1135/1232/1161
f 1131/1204/1135 1130/1201/1132 1161/1230/1159 1162/1233/1162
f 1118/1205/1136 1117/1202/1133 1148/1231/1160 1149/1234/1163
f 1105/1206/1137 1104/1203/1134 1135/1232/1161 1136/1235/1164
f 1132/1207/1138 1131/1204/1135 1162/1233/1162 1163/1236/1165
f 1119/1208/1139 1118/1205/1136 1149/1234/1163 1150/1237/1166
f 1106/1209/1140 1105/1206/1137 1136/1235/1164 1137/1238/1167
f 1226/1239/56 1132/1207/1138 1163/1236/1165
f 1120/1211/1141 1119/1208/1139 1150/1237/1166 1151/1240/1168
f 1107/1212/1142 1106/1209/1140 1137/1238/1167 1138/1241/1169
f 1121/1213/1143 1120/1211/1141 1151/1240/1168 1152/1242/1170
f 1108/1214/1144 1107/1212/1142 1138/1241/1169 1139/1243/1171
f 1122/1215/1145 1121/1213/1143 1152/1242/1170 1153/1244/1172
f 1109/1216/1146 1108/1214/1144 1139/1243/1171 1140/1245/1173
f 1123/1217/1147 1122/1215/1145 1153/1244/1172 1154/1246/1174
f 1110/1218/1148 1109/1216/1146 1140/1245/1173 1141/1247/1175
f 1124/1219/1149 1123/1217/1147 1154/1246/1174 1155/1248/1176
f 1111/1187/1119 1110/1218/1148 1141/1247/1175 1142/1249/1177
f 1125/1189/1121 1124/1219/1149 1155/1248/1176 1156/1250/1178
f 1112/1188/1120 1111/1187/1119 1142/1249/1177 1143/1251/1179
f 1126/1190/1122 1125/1189/1121 1156/1250/1178 1157/1252/1180
f 1113/1191/1123 1112/1188/1120 1143/1251/1179 1144/1220/1150
f 1127/1192/1124 1126/1190/1122 1157/1252/1180 1158/1222/1152
f 1147/1228/1157 1146/1224/1154 1177/1253/1181 1178/1254/1182
f 1134/1229/1158 1133/1226/1155 1164/1255/1183 1165/1256/1184
f 1161/1230/1159 1160/1227/1156 1191/1257/1185 1192/1258/1186
f 1148/1231/1160 1147/1228/1157 1178/1254/1182 1179/1259/1187
f 1135/1232/1161 1134/1229/1158 1165/1256/1184 1166/1260/1188
f 1162/1233/1162 1161/1230/1159 1192/1258/1186 1193/1261/1189
f 1149/1234/1163 1148/1231/1160 1179/1259/1187 1180/1262/1190
f 1136/1235/1164 1135/1232/1161 1166/1260/1188 1167/1263/1191
f 1163/1236/1165 1162/1233/1162 1193/1261/1189 1194/1264/1192
f 1150/1237/1166 1149/1234/1163 1180/1262/1190 1181/1265/1193
f 1137/1238/1167 1136/1235/1164 1167/1263/1191 1168/1266/1194
f 1226/1267/56 1163/1236/1165 1194/1264/1192
f 1151/1240/1168 1150/1237/1166 1181/1265/1193 1182/1268/1195
f 1138/1241/1169 1137/1238/1167 1168/1266/1194 1169/1269/1196
f 1152/1242/1170 1151/1240/1168 1182/1268/1195 1183/1270/1197
f 1139/1243/1171 1138/1241/1169 1169/1269/1196 1170/1271/1198
f 1153/1244/1172 1152/1242/1170 1183/1270/1197 1184/1272/1199
f 1140/1245/1173 1139/1243/1171 1170/1271/1198 1171/1273/1200
f 1154/1246/1174 1153/1244/1172 1184/1272/1199 1185/1274/1201
f 1141/1247/1175 1140/1245/1173 1171/1273/1200 1172/1275/1202
f 1155/1248/1176 1154/1246/1174 1185/1274/1201 1186/1276/1203
f 1142/1249/1177 1141/1247/1175 1172/1275/1202 1173/1277/1204
f 1156/1250/1178 1155/1248/1176 1186/1276/1203 1187/1278/1205
f 1143/1251/1179 1142/1249/1177 1173/1277/1204 1174/1279/1206
f 1157/1252/1180 1156/1250/1178 1187/1278/1205 1188/1280/1207
f 1144/1220/1150 1143/1251/1179 1174/1279/1206 1175/1281/1208
f 1158/1222/1152 1157/1252/1180 1188/1280/1207 1189/1282/1209
f 1145/1221/1151 1144/1220/1150 1175/1281/1208 1176/1283/1210
f 1159/1223/1153 1158/1222/1152 1189/1282/1209 1190/1284/1211
f 1146/1224/1154 1145/1221/1151 1176/1283/1210 1177/1253/1181
f 1133/1226/1155 1039/1285/30 1164/1255/1183
f 1160/1227/1156 1159/1223/1153 1190/1284/1211 1191/1257/1185
f 1180/1262/1190 1179/1259/1187 1210/1286/1212 1211/1287/1213
f 1167/1263/1191 1166/1260/1188 1197/1288/1214 1198/1289/1215
f 1194/1264/1192 1193/1261/1189 1224/1290/1216 1225/1291/1217
f 1181/1265/1193 1180/1262/1190 1211/1287/1213 1212/1292/1218
f 1168/1266/1194 1167/1263/1191 1198/1289/1215 1199/1293/1219
f 1226/1294/56 1194/1264/1192 1225/1291/1217
f 1182/1268/1195 1181/1265/1193 1212/1292/1218 1213/1295/1220
f 1169/1269/1196 1168/1266/1194 1199/1293/1219 1200/1296/1221
f 1183/1270/1197 1182/1268/1195 1213/1295/1220 1214/1297/1222
f 1170/1271/1198 1169/1269/1196 1200/1296/1221 1201/1298/1223
f 1184/1272/1199 1183/1270/1197 1214/1297/1222 1215/1299/1224
f 1171/1273/1200 1170/1271/1198 1201/1298/1223 1202/1300/1225
f 1185/1274/1201 1184/1272/1199 1215/1299/1224 1216/1301/1226
f 1172/1275/1202 1171/1273/1200 1202/1300/1225 1203/1302/1227
f 1186/1276/1203 1185/1274/1201 1216/1301/1226 1217/1303/1228
f 1173/1277/1204 1172/1275/1202 1203/1302/1227 1204/1304/1229
f 1187/1278/1205 1186/1276/1203 1217/1303/1228 1218/1305/1230
f 1174/1279/1206 1173/1277/1204 1204/1304/1229 1205/1306/1231
f 1188/1280/1207 1187/1278/1205 1218/1305/1230 1219/1307/1232
f 1175/1281/1208 1174/1279/1206 1205/1306/1231 1206/1308/1233
f 1189/1282/1209 1188/1280/1207 1219/1307/1232 1220/1309/1234
f 1176/1283/1210 1175/1281/1208 1206/1308/1233 1207/1310/1235
f 1190/1284/1211 1189/1282/1209 1220/1309/1234 1221/1311/1236
f 1177/1253/1181 1176/1283/1210 1207/1310/1235 1208/1312/1237
f 1164/1255/1183 1039/1313/30 1195/1314/1238
f 1191/1257/1185 1190/1284/1211 1221/1311/1236 1222/1315/1239
f 1178/1254/1182 1177/1253/1181 1208/1312/1237 1209/1316/1240
f 1165/1256/1184 1164/1255/1183 1195/1314/1238 1196/1317/1241
f 1192/1258/1186 1191/1257/1185 1222/1315/1239 1223/1318/1242
f 1179/1259/1187 1178/1254/1182 1209/1316/1240 1210/1286/1212
f 1166/1260/1188 1165/1256/1184 1196/1317/1241 1197/1288/1214
f 1193/1261/1189 1192/1258/1186 1223/1318/1242 1224/1290/1216
f 1213/1295/1220 1212/1292/1218 1244/1319/1243 1245/1320/1244
f 1200/1296/1221 1199/1293/1219 1231/1321/1245 1232/1322/1246
f 1214/1297/1222 1213/1295/1220 1245/1320/1244 1246/1323/1247
f 1201/1298/1223 1200/1296/1221 1232/1322/1246 1233/1324/1248
f 1215/1299/1224 1214/1297/1222 1246/1323/1247 1247/1325/1249
f 1202/1300/1225 1201/1298/1223 1233/1324/1248 1234/1326/1250
f 1216/1301/1226 1215/1299/1224 1247/1325/1249 1248/1327/1251
f 1203/1302/1227 1202/1300/1225 1234/1326/1250 1235/1328/1252
f 1217/1303/1228 1216/1301/1226 1248/1327/1251 1249/1329/1253
f 1204/1304/1229 1203/1302/1227 1235/1328/1252 1236/1330/1254
f 1218/1305/1230 1217/1303/1228 1249/1329/1253 1250/1331/1255
f 1205/1306/1231 1204/1304/1229 1236/1330/1254 1237/1332/1256
f 1219/1307/1232 1218/1305/1230 1250/1331/1255 1251/1333/1257
f 1206/1308/1233 1205/1306/1231 1237/1332/1256 1238/1334/1258
f 1220/1309/1234 1219/1307/1232 1251/1333/1257 1252/1335/1259
f 1207/1310/1235 1206/1308/1233 1238/1334/1258 1239/1336/1260
f 1221/1311/1236 1220/1309/1234 1252/1335/1259 1253/1337/1261
f 1208/1312/1237 1207/1310/1235 1239/1336/1260 1240/1338/1262
f 1195/1314/1238 1039/1339/30 1227/1340/1263
f 1222/1315/1239 1221/1311/1236 1253/1337/1261 1254/1341/1264
f 1209/1316/1240 1208/1312/1237 1240/1338/1262 1241/1342/1265
f 1196/1317/1241 1195/1314/1238 1227/1340/1263 1228/1343/1266
f 1223/1318/1242 1222/1315/1239 1254/1341/1264 1255/1344/1267
f 1210/1286/1212 1209/1316/1240 1241/1342/1265 1242/1345/1268
f 1197/1288/1214 1196/1317/1241 1228/1343/1266 1229/1346/1269
f 1224/1290/1216 1223/1318/1242 1255/1344/1267 1256/1347/1270
f 1211/1287/1213 1210/1286/1212 1242/1345/1268 1243/1348/1271
f 1198/1289/1215 1197/1288/1214 1229/1346/1269 1230/1349/1272
f 1225/1291/1217 1224/1290/1216 1256/1347/1270 1257/1350/1273
f 1212/1292/1218 1211/1287/1213 1243/1348/1271 1244/1319/1243
f 1199/1293/1219 1198/1289/1215 1230/1349/1272 1231/1321/1245
f 1226/1351/56 1225/1291/1217 1257/1350/1273
f 1247/1325/1249 1246/1323/1247 1277/1352/1274 1278/1353/1275
f 1234/1326/1250 1233/1324/1248 1264/1354/1276 1265/1355/1277
f 1248/1327/1251 1247/1325/1249 1278/1353/1275 1279/1356/1278
f 1235/1328/1252 1234/1326/1250 1265/1355/1277 1266/1357/1279
f 1249/1329/1253 1248/1327/1251 1279/1356/1278 1280/1358/1280
f 1236/1330/1254 1235/1328/1252 1266/1357/1279 1267/1359/1281
f 1250/1331/1255 1249/1329/1253 1280/1358/1280 1281/1360/1282
f 1237/1332/1256 1236/1330/1254 1267/1359/1281 1268/1361/1283
f 1251/1333/1257 1250/1331/1255 1281/1360/1282 1282/1362/1284
f 1238/1334/1258 1237/1332/1256 1268/1361/1283 1269/1363/1285
f 1252/1335/1259 1251/1333/1257 1282/1362/1284 1283/1364/1286
f 1239/1336/1260 1238/1334/1258 1269/1363/1285 1270/1365/1287
f 1253/1337/1261 1252/1335/1259 1283/1364/1286 1284/1366/1288
f 1240/1338/1262 1239/1336/1260 1270/1365/1287 1271/1367/1289
f 1227/1340/1263 1039/1368/30 1258/1369/1290
f 1254/1341/1264 1253/1337/1261 1284/1366/1288 1285/1370/1291
f 1241/1342/1265 1240/1338/1262 1271/1367/1289 1272/1371/1292
f 1228/1343/1266 1227/1340/1263 1258/1369/1290 1259/1372/1293
f 1255/1344/1267 1254/1341/1264 1285/1370/1291 1286/1373/1294
f 1242/1345/1268 1241/1342/1265 1272/1371/1292 1273/1374/1295
f 1229/1346/1269 1228/1343/1266 1259/1372/1293 1260/1375/1296
f 1256/1347/1270 1255/1344/1267 1286/1373/1294 1287/1376/1297
f 1243/1348/1271 1242/1345/1268 1273/1374/1295 1274/1377/1298
f 1230/1349/1272 1229/1346/1269 1260/1375/1296 1261/1378/1299
f 1257/1350/1273 1256/1347/1270 1287/1376/1297 1288/1379/1300
f 1244/1319/1243 1243/1348/1271 1274/1377/1298 1275/1380/1301
f 1231/1321/1245 1230/1349/1272 1261/1378/1299 1262/1381/1302
f 1226/1382/56 1257/1350/1273 1288/1379/1300
f 1245/1320/1244 1244/1319/1243 1275/1380/1301 1276/1383/1303
f 1232/1322/1246 1231/1321/1245 1262/1381/1302 1263/1384/1304
f 1246/1323/1247 1245/1320/1244 1276/1383/1303 1277/1352/1274
f 1233/1324/1248 1232/1322/1246 1263/1384/1304 1264/1354/1276
f 1280/1358/1280 1279/1356/1278 1310/1385/1305 1311/1386/1306
f 1267/1359/1281 1266/1357/1279 1297/1387/1307 1298/1388/1308
f 1281/1360/1282 1280/1358/1280 1311/1386/1306 1312/1389/1309
f 1268/1361/1283 1267/1359/1281 1298/1388/1308 1299/1390/1310
f 1282/1362/1284 1281/1360/1282 1312/1389/1309 1313/1391/1311
f 1269/1363/1285 1268/1361/1283 1299/1390/1310 1300/1392/1312
f 1283/1364/1286 1282/1362/1284 1313/1391/1311 1314/1393/1313
f 1270/1365/1287 1269/1363/1285 1300/1392/1312 1301/1394/1314
f 1284/1366/1288 1283/1364/1286 1314/1393/1313 1315/1395/1315
f 1271/1367/1289 1270/1365/1287 1301/1394/1314 1302/1396/1316
f 1258/1369/1290 1039/1397/30 1289/1398/1317
f 1285/1370/1291 1284/1366/1288 1315/1395/1315 1316/1399/1318
f 1272/1371/1292 1271/1367/1289 1302/1396/1316 1303/1400/1319
f 1259/1372/1293 1258/1369/1290 1289/1398/1317 1290/1401/1320
f 1286/1373/1294 1285/1370/1291 1316/1399/1318 1317/1402/1321
f 1273/1374/1295 1272/1371/1292 1303/1400/1319 1304/1403/1322
f 1260/1375/1296 1259/1372/1293 1290/1401/1320 1291/1404/1323
f 1287/1376/1297 1286/1373/1294 1317/1402/1321 1318/1405/1324
f 1274/1377/1298 1273/1374/1295 1304/1403/1322 1305/1406/1325
f 1261/1378/1299 1260/1375/1296 1291/1404/1323 1292/1407/1326
f 1288/1379/1300 1287/1376/1297 1318/1405/1324 1319/1408/1327
f 1275/1380/1301 1274/1377/1298 1305/1406/1325 1306/1409/1328
f 1262/1381/1302 1261/1378/1299 1292/1407/1326 1293/1410/1329
f 1226/1411/56 1288/1379/1300 1319/1408/1327
f 1276/1383/1303 1275/1380/1301 1306/1409/1328 1307/1412/1330
f 1263/1384/1304 1262/1381/1302 1293/1410/1329 1294/1413/1331
f 1277/1352/1274 1276/1383/1303 1307/1412/1330 1308/1414/1332
f 1264/1354/1276 1263/1384/1304 1294/1413/1331 1295/1415/1333
f 1278/1353/1275 1277/1352/1274 1308/1414/1332 1309/1416/1334
f 1265/1355/1277 1264/1354/1276 1295/1415/1333 1296/1417/1335
f 1279/1356/1278 1278/1353/1275 1309/1416/1334 1310/1385/1305
f 1266/1357/1279 1265/1355/1277 1296/1417/1335 1297/1387/1307
f 1313/1391/1311 1312/1389/1309 1343/1418/1336 1344/1419/1337
f 1300/1392/1312 1299/1390/1310 1330/1420/1338 1331/1421/1339
f 1314/1393/1313 1313/1391/1311 1344/1419/1337 1345/1422/1340
f 1301/1394/1314 1300/1392/1312 1331/1421/1339 1332/1423/1341
f 1315/1395/1315 1314/1393/1313 1345/1422/1340 1346/1424/1342
f 1302/1396/1316 1301/1394/1314 1332/1423/1341 1333/1425/1343
f 1289/1398/1317 1039/1426/30 1320/1427/1344
f 1316/1399/1318 1315/1395/1315 1346/1424/1342 1347/1428/1345
f 1303/1400/1319 1302/1396/1316 1333/1425/1343 1334/1429/1346
f 1290/1401/1320 1289/1398/1317 1320/1427/1344 1321/1430/1347
f 1317/1402/1321 1316/1399/1318 1347/1428/1345 1348/1431/1348
f 1304/1403/1322 1303/1400/1319 1334/1429/1346 1335/1432/1349
f 1291/1404/1323 1290/1401/1320 1321/1430/1347 1322/1433/1350
f 1318/1405/1324 1317/1402/1321 1348/1431/1348 1349/1434/1351
f 1305/1406/1325 1304/1403/1322 1335/1432/1349 1336/1435/1352
f 1292/1407/1326 1291/1404/1323 1322/1433/1350 1323/1436/1353
f 1319/1408/1327 1318/1405/1324 1349/1434/1351 1350/1437/1354
f 1306/1409/1328 1305/1406/1325 1336/1435/1352 1337/1438/1355
f 1293/1410/1329 1292/1407/1326 1323/1436/1353 1324/1439/1356
f 1226/1440/56 1319/1408/1327 1350/1437/1354
f 1307/1412/1330 1306/1409/1328 1337/1438/1355 1338/1441/1357
f 1294/1413/1331 1293/1410/1329 1324/1439/1356 1325/1442/1358
f 1308/1414/1332 1307/1412/1330 1338/1441/1357 1339/1443/1359
f 1295/1415/1333 1294/1413/1331 1325/1442/1358 1326/1444/1360
f 1309/1416/1334 1308/1414/1332 1339/1443/1359 1340/1445/1361
f 1296/1417/1335 1295/1415/1333 1326/1444/1360 1327/1446/1362
f 1310/1385/1305 1309/1416/1334 1340/1445/1361 1341/1447/1363
f 1297/1387/1307 1296/1417/1335 1327/1446/1362 1328/1448/1364
f 1311/1386/1306 1310/1385/1305 1341/1447/1363 1342/1449/1365
f 1298/1388/1308 1297/1387/1307 1328/1448/1364 1329/1450/1366
f 1312/1389/1309 1311/1386/1306 1342/1449/1365 1343/1418/1336
f 1299/1390/1310 1298/1388/1308 1329/1450/1366 1330/1420/1338
f 1346/1424/1342 1345/1422/1340 1376/1451/1367 1377/1452/1368
f 1333/1425/1343 1332/1423/1341 1363/1453/1369 1364/1454/1370
f 1320/1427/1344 1039/1455/30 1351/1456/1371
f 1347/1428/1345 1346/1424/1342 1377/1452/1368 1378/1457/1372
f 1334/1429/1346 1333/1425/1343 1364/1454/1370 1365/1458/1373
f 1321/1430/1347 1320/1427/1344 1351/1456/1371 1352/1459/1374
f 1348/1431/1348 1347/1428/1345 1378/1457/1372 1379/1460/1375
f 1335/1432/1349 1334/1429/1346 1365/1458/1373 1366/1461/1376
f 1322/1433/1350 1321/1430/1347 1352/1459/1374 1353/1462/1377
f 1349/1434/1351 1348/1431/1348 1379/1460/1375 1380/1463/1378
f 1336/1435/1352 1335/1432/1349 1366/1461/1376 1367/1464/1379
f 1323/1436/1353 1322/1433/1350 1353/1462/1377 1354/1465/1380
f 1350/1437/1354 1349/1434/1351 1380/1463/1378 1381/1466/1381
f 1337/1438/1355 1336/1435/1352 1367/1464/1379 1368/1467/1382
f 1324/1439/1356 1323/1436/1353 1354/1465/1380 1355/1468/1383
f 1226/1469/56 1350/1437/1354 1381/1466/1381
f 1338/1441/1357 1337/1438/1355 1368/1467/1382 1369/1470/1384
f 1325/1442/1358 1324/1439/1356 1355/1468/1383 1356/1471/1385
f 1339/1443/1359 1338/1441/1357 1369/1470/1384 1370/1472/1386
f 1326/1444/1360 1325/1442/1358 1356/1471/1385 1357/1473/1387
f 1340/1445/1361 1339/1443/1359 1370/1472/1386 1371/1474/1388
f 1327/1446/1362 1326/1444/1360 1357/1473/1387 1358/1475/1389
f 1341/1447/1363 1340/1445/1361 1371/1474/1388 1372/1476/1390
f 1328/1448/1364 1327/1446/1362 1358/1475/1389 1359/1477/1391
f 1342/1449/1365 1341/1447/1363 1372/1476/1390 1373/1478/1392
f 1329/1450/1366 1328/1448/1364 1359/1477/1391 1360/1479/1393
f 1343/1418/1336 1342/1449/1365 1373/1478/1392 1374/1480/1394
f 1330/1420/1338 1329/1450/1366 1360/1479/1393 1361/1481/1395
f 1344/1419/1337 1343/1418/1336 1374/1480/1394 1375/1482/1396
f 1331/1421/1339 1330/1420/1338 1361/1481/1395 1362/1483/1397
f 1345/1422/1340 1344/1419/1337 1375/1482/1396 1376/1451/1367
f 1332/1423/1341 1331/1421/1339 1362/1483/1397 1363/1453/1369
f 1379/1460/1375 1378/1457/1372 1409/1484/1398 1410/1485/1399
f 1366/1461/1376 1365/1458/1373 1396/1486/1400 1397/1487/1401
f 1353/1462/1377 1352/1459/1374 1383/1488/1402 1384/1489/1403
f 1380/1463/1378 1379/1460/1375 1410/1485/1399 1411/1490/1404
f 1367/1464/1379 1366/1461/1376 1397/1487/1401 1398/1491/1405
f 1354/1465/1380 1353/1462/1377 1384/1489/1403 1385/1492/1406
f 1381/1466/1381 1380/1463/1378 1411/1490/1404 1412/1493/1407
f 1368/1467/1382 1367/1464/1379 1398/1491/1405 1399/1494/1408
f 1355/1468/1383 1354/1465/1380 1385/1492/1406 1386/1495/1409
f 1226/1496/56 1381/1466/1381 1412/1493/1407
f 1369/1470/1384 1368/1467/1382 1399/1494/1408 1400/1497/1410
f 1356/1471/1385 1355/1468/1383 1386/1495/1409 1387/1498/1411
f 1370/1472/1386 1369/1470/1384 1400/1497/1410 1401/1499/1412
f 1357/1473/1387 1356/1471/1385 1387/1498/1411 1388/1500/1413
f 1371/1474/1388 1370/1472/1386 1401/1499/1412 1402/1501/1414
f 1358/1475/1389 1357/1473/1387 1388/1500/1413 1389/1502/1415
f 1372/1476/1390 1371/1474/1388 1402/1501/1414 1403/1503/1416
f 1359/1477/1391 1358/1475/1389 1389/1502/1415 1390/1504/1417
f 1373/1478/1392 1372/1476/1390 1403/1503/1416 1404/1505/1418
f 1360/1479/1393 1359/1477/1391 1390/1504/1417 1391/1506/1419
f 1374/1480/1394 1373/1478/1392 1404/1505/1418 1405/1507/1420
f 1361/1481/1395 1360/1479/1393 1391/1506/1419 1392/1508/1421
f 1375/1482/1396 1374/1480/1394 1405/1507/1420 1406/1509/1422
f 1362/1483/1397 1361/1481/1395 1392/1508/1421 1393/1510/1423
f 1376/1451/1367 1375/1482/1396 1406/1509/1422 1407/1511/1424
f 1363/1453/1369 1362/1483/1397 1393/1510/1423 1394/1512/1425
f 1377/1452/1368 1376/1451/1367 1407/1511/1424 1408/1513/1426
f 1364/1454/1370 1363/1453/1369 1394/1512/1425 1395/1514/1427
f 1351/1456/1371 1039/1515/30 1382/1516/1428
f 1378/1457/1372 1377/1452/1368 1408/1513/1426 1409/1484/1398
f 1365/1458/1373 1364/1454/1370 1395/1514/1427 1396/1486/1400
f 1352/1459/1374 1351/1456/1371 1382/1516/1428 1383/1488/1402
f 1412/1493/1407 1411/1490/1404 1442/1517/1429 1443/1518/1430
f 1399/1494/1408 1398/1491/1405 1429/1519/1431 1430/1520/1432
f 1386/1495/1409 1385/1492/1406 1416/1521/1433 1417/1522/1434
f 1226/1523/56 1412/1493/1407 1443/1518/1430
f 1400/1497/1410 1399/1494/1408 1430/1520/1432 1431/1524/1435
f 1387/1498/1411 1386/1495/1409 1417/1522/1434 1418/1525/1436
f 1401/1499/1412 1400/1497/1410 1431/1524/1435 1432/1526/1437
f 1388/1500/1413 1387/1498/1411 1418/1525/1436 1419/1527/1438
f 1402/1501/1414 1401/1499/1412 1432/1526/1437 1433/1528/1439
f 1389/1502/1415 1388/1500/1413 1419/1527/1438 1420/1529/1440
f 1403/1503/1416 1402/1501/1414 1433/1528/1439 1434/1530/1441
f 1390/1504/1417 1389/1502/1415 1420/1529/1440 1421/1531/1442
f 1404/1505/1418 1403/1503/1416 1434/1530/1441 1435/1532/1443
f 1391/1506/1419 1390/1504/1417 1421/1531/1442 1422/1533/1444
f 1405/1507/1420 1404/1505/1418 1435/1532/1443 1436/1534/1445
f 1392/1508/1421 1391/1506/1419 1422/1533/1444 1423/1535/1446
f 1406/1509/1422 1405/1507/1420 1436/1534/1445 1437/1536/1447
f 1393/1510/1423 1392/1508/1421 1423/1535/1446 1424/1537/1448
f 1407/1511/1424 1406/1509/1422 1437/1536/1447 1438/1538/1449
f 1394/1512/1425 1393/1510/1423 1424/1537/1448 1425/1539/1450
f 1408/1513/1426 1407/1511/1424 1438/1538/1449 1439/1540/1451
f 1395/1514/1427 1394/1512/1425 1425/1539/1450 1426/1541/1452
f 1382/1516/1428 1039/1542/30 1413/1543/1453
f 1409/1484/1398 1408/1513/1426 1439/1540/1451 1440/1544/1454
f 1396/1486/1400 1395/1514/1427 1426/1541/1452 1427/1545/1455
f 1383/1488/1402 1382/1516/1428 1413/1543/1453 1414/1546/1456
f 1410/1485/1399 1409/1484/1398 1440/1544/1454 1441/1547/1457
f 1397/1487/1401 1396/1486/1400 1427/1545/1455 1428/1548/1458
f 1384/1489/1403 1383/1488/1402 1414/1546/1456 1415/1549/1459
f 1411/1490/1404 1410/1485/1399 1441/1547/1457 1442/1517/1429
f 1398/1491/1405 1397/1487/1401 1428/1548/1458 1429/1519/1431
f 1385/1492/1406 1384/1489/1403 1415/1549/1459 1416/1521/1433
f 1432/1526/1437 1431/1524/1435 1462/1550/1460 1463/1551/1461
f 1419/1527/1438 1418/1525/1436 1449/1552/1462 1450/1553/1463
f 1433/1528/1439 1432/1526/1437 1463/1551/1461 1464/1554/1464
f 1420/1529/1440 1419/1527/1438 1450/1553/1463 1451/1555/1465
f 1434/1530/1441 1433/1528/1439 1464/1554/1464 1465/1556/1466
f 1421/1531/1442 1420/1529/1440 1451/1555/1465 1452/1557/1467
f 1435/1532/1443 1434/1530/1441 1465/1556/1466 1466/1558/1468
f 1422/1533/1444 1421/1531/1442 1452/1557/1467 1453/1559/1469
f 1436/1534/1445 1435/1532/1443 1466/1558/1468 1467/1560/1470
f 1423/1535/1446 1422/1533/1444 1453/1559/1469 1454/1561/1471
f 1437/1536/1447 1436/1534/1445 1467/1560/1470 1468/1562/1472
f 1424/1537/1448 1423/1535/1446 1454/1561/1471 1455/1563/1473
f 1438/1538/1449 1437/1536/1447 1468/1562/1472 1469/1564/1474
f 1425/1539/1450 1424/1537/1448 1455/1563/1473 1456/1565/1475
f 1439/1540/1451 1438/1538/1449 1469/1564/1474 1470/1566/1476
f 1426/1541/1452 1425/1539/1450 1456/1565/1475 1457/1567/1477
f 1413/1543/1453 1039/1568/30 1444/1569/1478
f 1440/1544/1454 1439/1540/1451 1470/1566/1476 1471/1570/1479
f 1427/1545/1455 1426/1541/1452 1457/1567/1477 1458/1571/1480
f 1414/1546/1456 1413/1543/1453 1444/1569/1478 1445/1572/1481
f 1441/1547/1457 1440/1544/1454 1471/1570/1479 1472/1573/1482
f 1428/1548/1458 1427/1545/1455 1458/1571/1480 1459/1574/1483
f 1415/1549/1459 1414/1546/1456 1445/1572/1481 1446/1575/1484
f 1442/1517/1429 1441/1547/1457 1472/1573/1482 1473/1576/1485
f 1429/1519/1431 1428/1548/1458 1459/1574/1483 1460/1577/1486
f 1416/1521/1433 1415/1549/1459 1446/1575/1484 1447/1578/1487
f 1443/1518/1430 1442/1517/1429 1473/1576/1485 1474/1579/1488
f 1430/1520/1432 1429/1519/1431 1460/1577/1486 1461/1580/1489
f 1417/1522/1434 1416/1521/1433 1447/1578/1487 1448/1581/1490
f 1226/1582/56 1443/1518/1430 1474/1579/1488
f 1431/1524/1435 1430/1520/1432 1461/1580/1489 1462/1550/1460
f 1418/1525/1436 1417/1522/1434 1448/1581/1490 1449/1552/1462
f 1465/1556/1466 1464/1554/1464 1495/1583/1491 1496/1584/1492
f 1452/1557/1467 1451/1555/1465 1482/1585/1493 1483/1586/1494
f 1466/1558/1468 1465/1556/1466 1496/1584/1492 1497/1587/1495
f 1453/1559/1469 1452/1557/1467 1483/1586/1494 1484/1588/1496
f 1467/1560/1470 1466/1558/1468 1497/1587/1495 1498/1589/1497
f 1454/1561/1471 1453/1559/1469 1484/1588/1496 1485/1590/1498
f 1468/1562/1472 1467/1560/1470 1498/1589/1497 1499/1591/1499
f 1455/1563/1473 1454/1561/1471 1485/1590/1498 1486/1592/1500
f 1469/1564/1474 1468/1562/1472 1499/1591/1499 1500/1593/1501
f 1456/1565/1475 1455/1563/1473 1486/1592/1500 1487/1594/1502
f 1470/1566/1476 1469/1564/1474 1500/1593/1501 1501/1595/1503
f 1457/1567/1477 1456/1565/1475 1487/1594/1502 1488/1596/1504
f 1444/1569/1478 1039/1597/30 1475/1598/1505
f 1471/1570/1479 1470/1566/1476 1501/1595/1503 1502/1599/1506
f 1458/1571/1480 1457/1567/1477 1488/1596/1504 1489/1600/1507
f 1445/1572/1481 1444/1569/1478 1475/1598/1505 1476/1601/1508
f 1472/1573/1482 1471/1570/1479 1502/1599/1506 1503/1602/1509
f 1459/1574/1483 1458/1571/1480 1489/1600/1507 1490/1603/1510
f 1446/1575/1484 1445/1572/1481 1476/1601/1508 1477/1604/1511
f 1473/1576/1485 1472/1573/1482 1503/1602/1509 1504/1605/1512
f 1460/1577/1486 1459/1574/1483 1490/1603/1510 1491/1606/1513
f 1447/1578/1487 1446/1575/1484 1477/1604/1511 1478/1607/1514
f 1474/1579/1488 1473/1576/1485 1504/1605/1512 1505/1608/1515
f 1461/1580/1489 1460/1577/1486 1491/1606/1513 1492/1609/1516
f 1448/1581/1490 1447/1578/1487 1478/1607/1514 1479/1610/1517
f 1226/1611/56 1474/1579/1488 1505/1608/1515
f 1462/1550/1460 1461/1580/1489 1492/1609/1516 1493/1612/1518
f 1449/1552/1462 1448/1581/1490 1479/1610/1517 1480/1613/1519
f 1463/1551/1461 1462/1550/1460 1493/1612/1518 1494/1614/1520
f 1450/1553/1463 1449/1552/1462 1480/1613/1519 1481/1615/1521
f 1464/1554/1464 1463/1551/1461 1494/1614/1520 1495/1583/1491
f 1451/1555/1465 1450/1553/1463 1481/1615/1521 1482/1585/1493
f 1498/1616/1497 1497/1617/1495 1528/1618/1522 1529/1619/1523
f 1485/1620/1498 1484/1621/1496 1515/1622/1524 1516/1623/1525
f 1499/1624/1499 1498/1616/1497 1529/1619/1523 1530/1625/1526
f 1486/1626/1500 1485/1620/1498 1516/1623/1525 1517/1627/1527
f 1500/1628/1501 1499/1624/1499 1530/1625/1526 1531/1629/1528
f 1487/1630/1502 1486/1626/1500 1517/1627/1527 1518/1631/1529
f 1501/1632/1503 1500/1628/1501 1531/1629/1528 1532/1633/1530
f 1488/1634/1504 1487/1630/1502 1518/1631/1529 1519/1635/1531
f 1475/1636/1505 1039/1637/30 1506/1638/1532
f 1502/1639/1506 1501/1632/1503 1532/1633/1530 1533/1640/1533
f 1489/1641/1507 1488/1634/1504 1519/1635/1531 1520/1642/1534
f 1476/1643/1508 1475/1636/1505 1506/1638/1532 1507/1644/1535
f 1503/1645/1509 1502/1639/1506 1533/1640/1533 1534/1646/1536
f 1490/1647/1510 1489/1641/1507 1520/1642/1534 1521/1648/1537
f 1477/1649/1511 1476/1643/1508 1507/1644/1535 1508/1650/1538
f 1504/1651/1512 1503/1645/1509 1534/1646/1536 1535/1652/1539
f 1491/1653/1513 1490/1647/1510 1521/1648/1537 1522/1654/1540
f 1478/1655/1514 1477/1649/1511 1508/1650/1538 1509/1656/1541
f 1505/1657/1515 1504/1651/1512 1535/1652/1539 1536/1658/1542
f 1492/1659/1516 1491/1653/1513 1522/1654/1540 1523/1660/1543
f 1479/1661/1517 1478/1655/1514 1509/1656/1541 1510/1662/1544
f 1226/1663/56 1505/1657/1515 1536/1658/1542
f 1493/1664/1518 1492/1659/1516 1523/1660/1543 1524/1665/1545
f 1480/1666/1519 1479/1661/1517 1510/1662/1544 1511/1667/1546
f 1494/1668/1520 1493/1664/1518 1524/1665/1545 1525/1669/1547
f 1481/1670/1521 1480/1666/1519 1511/1667/1546 1512/1671/1548
f 1495/1672/1491 1494/1668/1520 1525/1669/1547 1526/1673/1549
f 1482/1674/1493 1481/1670/1521 1512/1671/1548 1513/1675/1550
f 1496/1676/1492 1495/1672/1491 1526/1673/1549 1527/1677/1551
f 1483/1678/1494 1482/1674/1493 1513/1675/1550 1514/1679/1552
f 1497/1617/1495 1496/1676/1492 1527/1677/1551 1528/1618/1522
f 1484/1621/1496 1483/1678/1494 1514/1679/1552 1515/1622/1524
f 1531/1629/1528 1530/1625/1526 1561/1680/1553 1562/1681/1554
f 1518/1631/1529 1517/1627/1527 1548/1682/1555 1549/1683/1556
f 1532/1633/1530 1531/1629/1528 1562/1681/1554 1563/1684/1557
f 1519/1635/1531 1518/1631/1529 1549/1683/1556 1550/1685/1558
f 1506/1638/1532 1039/1686/30 1537/1687/1559
f 1533/1640/1533 1532/1633/1530 1563/1684/1557 1564/1688/1560
f 1520/1642/1534 1519/1635/1531 1550/1685/1558 1551/1689/1561
f 1507/1644/1535 1506/1638/1532 1537/1687/1559 1538/1690/1562
f 1534/1646/1536 1533/1640/1533 1564/1688/1560 1565/1691/1563
f 1521/1648/1537 1520/1642/1534 1551/1689/1561 1552/1692/1564
f 1508/1650/1538 1507/1644/1535 1538/1690/1562 1539/1693/1565
f 1535/1652/1539 1534/1646/1536 1565/1691/1563 1566/1694/1566
f 1522/1654/1540 1521/1648/1537 1552/1692/1564 1553/1695/1567
f 1509/1656/1541 1508/1650/1538 1539/1693/1565 1540/1696/1568
f 1536/1658/1542 1535/1652/1539 1566/1694/1566 1567/1697/1569
f 1523/1660/1543 1522/1654/1540 1553/1695/1567 1554/1698/1570
f 1510/1662/1544 1509/1656/1541 1540/1696/1568 1541/1699/1571
f 1226/1700/56 1536/1658/1542 1567/1697/1569
f 1524/1665/1545 1523/1660/1543 1554/1698/1570 1555/1701/1572
f 1511/1667/1546 1510/1662/1544 1541/1699/1571 1542/1702/1573
f 1525/1669/1547 1524/1665/1545 1555/1701/1572 1556/1703/1574
f 1512/1671/1548 1511/1667/1546 1542/1702/1573 1543/1704/1575
f 1526/1673/1549 1525/1669/1547 1556/1703/1574 1557/1705/1576
f 1513/1675/1550 1512/1671/1548 1543/1704/1575 1544/1706/1577
f 1527/1677/1551 1526/1673/1549 1557/1705/1576 1558/1707/1578
f 1514/1679/1552 1513/1675/1550 1544/1706/1577 1545/1708/1579
f 1528/1618/1522 1527/1677/1551 1558/1707/1578 1559/1709/1580
f 1515/1622/1524 1514/1679/1552 1545/1708/1579 1546/1710/1581
f 1529/1619/1523 1528/1618/1522 1559/1709/1580 1560/1711/1582
f 1516/1623/1525 1515/1622/1524 1546/1710/1581 1547/1712/1583
f 1530/1625/1526 1529/1619/1523 1560/1711/1582 1561/1680/1553
f 1517/1627/1527 1516/1623/1525 1547/1712/1583 1548/1682/1555
f 1537/1687/1559 1039/1713/30 1568/1714/1584
f 1564/1688/1560 1563/1684/1557 1594/1715/1585 1595/1716/1586
f 1551/1689/1561 1550/1685/1558 1581/1717/1587 1582/1718/1588
f 1538/1690/1562 1537/1687/1559 1568/1714/1584 1569/1719/1589
f 1565/1691/1563 1564/1688/1560 1595/1716/1586 1596/1720/1590
f 1552/1692/1564 1551/1689/1561 1582/1718/1588 1583/1721/1591
f 1539/1693/1565 1538/1690/1562 1569/1719/1589 1570/1722/1592
f 1566/1694/1566 1565/1691/1563 1596/1720/1590 1597/1723/1593
f 1553/1695/1567 1552/1692/1564 1583/1721/1591 1584/1724/1594
f 1540/1696/1568 1539/1693/1565 1570/1722/1592 1571/1725/1595
f 1567/1697/1569 1566/1694/1566 1597/1723/1593 1598/1726/1596
f 1554/1698/1570 1553/1695/1567 1584/1724/1594 1585/1727/1597
f 1541/1699/1571 1540/1696/1568 1571/1725/1595 1572/1728/1598
f 1226/1729/56 1567/1697/1569 1598/1726/1596
f 1555/1701/1572 1554/1698/1570 1585/1727/1597 1586/1730/1599
f 1542/1702/1573 1541/1699/1571 1572/1728/1598 1573/1731/1600
f 1556/1703/1574 1555/1701/1572 1586/1730/1599 1587/1732/1601
f 1543/1704/1575 1542/1702/1573 1573/1731/1600 1574/1733/1602
f 1557/1705/1576 1556/1703/1574 1587/1732/1601 1588/1734/1603
f 1544/1706/1577 1543/1704/1575 1574/1733/1602 1575/1735/1604
f 1558/1707/1578 1557/1705/1576 1588/1734/1603 1589/1736/1605
f 1545/1708/1579 1544/1706/1577 1575/1735/1604 1576/1737/1606
f 1559/1709/1580 1558/1707/1578 1589/1736/1605 1590/1738/1607
f 1546/1710/1581 1545/1708/1579 1576/1737/1606 1577/1739/1608
f 1560/1711/1582 1559/1709/1580 1590/1738/1607 1591/1740/1609
f 1547/1712/1583 1546/1710/1581 1577/1739/1608 1578/1741/1610
f 1561/1680/1553 1560/1711/1582 1591/1740/1609 1592/1742/1611
f 1548/1682/1555 1547/1712/1583 1578/1741/1610 1579/1743/1612
f 1562/1681/1554 1561/1680/1553 1592/1742/1611 1593/1744/1613
f 1549/1683/1556 1548/1682/1555 1579/1743/1612 1580/1745/1614
f 1563/1684/1557 1562/1681/1554 1593/1744/1613 1594/1715/1585
f 1550/1685/1558 1549/1683/1556 1580/1745/1614 1581/1717/1587
f 1570/1722/1592 1569/1719/1589 1600/1746/1615 1601/1747/1616
f 1597/1723/1593 1596/1720/1590 1627/1748/1617 1628/1749/1618
f 1584/1724/1594 1583/1721/1591 1614/1750/1619 1615/1751/1620
f 1571/1725/1595 1570/1722/1592 1601/1747/1616 1602/1752/1621
f 1598/1726/1596 1597/1723/1593 1628/1749/1618 1629/1753/1622
f 1585/1727/1597 1584/1724/1594 1615/1751/1620 1616/1754/1623
f 1572/1728/1598 1571/1725/1595 1602/1752/1621 1603/1755/1624
f 1226/1756/56 1598/1726/1596 1629/1753/1622
f 1586/1730/1599 1585/1727/1597 1616/1754/1623 1617/1757/1625
f 1573/1731/1600 1572/1728/1598 1603/1755/1624 1604/1758/1626
f 1587/1732/1601 1586/1730/1599 1617/1757/1625 1618/1759/1627
f 1574/1733/1602 1573/1731/1600 1604/1758/1626 1605/1760/1628
f 1588/1734/1603 1587/1732/1601 1618/1759/1627 1619/1761/1629
f 1575/1735/1604 1574/1733/1602 1605/1760/1628 1606/1762/1630
f 1589/1736/1605 1588/1734/1603 1619/1761/1629 1620/1763/1631
f 1576/1737/1606 1575/1735/1604 1606/1762/1630 1607/1764/1632
f 1590/1738/1607 1589/1736/1605 1620/1763/1631 1621/1765/1633
f 1577/1739/1608 1576/1737/1606 1607/1764/1632 1608/1766/1634
f 1591/1740/1609 1590/1738/1607 1621/1765/1633 1622/1767/1635
f 1578/1741/1610 1577/1739/1608 1608/1766/1634 1609/1768/1636
f 1592/1742/1611 1591/1740/1609 1622/1767/1635 1623/1769/1637
f 1579/1743/1612 1578/1741/1610 1609/1768/1636 1610/1770/1638
f 1593/1744/1613 1592/1742/1611 1623/1769/1637 1624/1771/1639
f 1580/1745/1614 1579/1743/1612 1610/1770/1638 1611/1772/1640
f 1594/1715/1585 1593/1744/1613 1624/1771/1639 1625/1773/1641
f 1581/1717/1587 1580/1745/1614 1611/1772/1640 1612/1774/1642
f 1568/1714/1584 1039/1775/30 1599/1776/1643
f 1595/1716/1586 1594/1715/1585 1625/1773/1641 1626/1777/1644
f 1582/1718/1588 1581/1717/1587 1612/1774/1642 1613/1778/1645
f 1569/1719/1589 1568/1714/1584 1599/1776/1643 1600/1746/1615
f 1596/1720/1590 1595/1716/1586 1626/1777/1644 1627/1748/1617
f 1583/1721/1591 1582/1718/1588 1613/1778/1645 1614/1750/1619
f 1603/1755/1624 1602/1752/1621 1633/1779/1646 1634/1780/1647
f 1226/1781/56 1629/1753/1622 1660/1782/1648
f 1617/1757/1625 1616/1754/1623 1647/1783/1649 1648/1784/1650
f 1604/1758/1626 1603/1755/1624 1634/1780/1647 1635/1785/1651
f 1618/1759/1627 1617/1757/1625 1648/1784/1650 1649/1786/1652
f 1605/1760/1628 1604/1758/1626 1635/1785/1651 1636/1787/1653
f 1619/1761/1629 1618/1759/1627 1649/1786/1652 1650/1788/1654
f 1606/1762/1630 1605/1760/1628 1636/1787/1653 1637/1789/1655
f 1620/1763/1631 1619/1761/1629 1650/1788/1654 1651/1790/1656
f 1607/1764/1632 1606/1762/1630 1637/1789/1655 1638/1791/1657
f 1621/1765/1633 1620/1763/1631 1651/1790/1656 1652/1792/1658
f 1608/1766/1634 1607/1764/1632 1638/1791/1657 1639/1793/1659
f 1622/1767/1635 1621/1765/1633 1652/1792/1658 1653/1794/1660
f 1609/1768/1636 1608/1766/1634 1639/1793/1659 1640/1795/1661
f 1623/1769/1637 1622/1767/1635 1653/1794/1660 1654/1796/1662
f 1610/1770/1638 1609/1768/1636 1640/1795/1661 1641/1797/1663
f 1624/1771/1639 1623/1769/1637 1654/1796/1662 1655/1798/1664
f 1611/1772/1640 1610/1770/1638 1641/1797/1663 1642/1799/1665
f 1625/1773/1641 1624/1771/1639 1655/1798/1664 1656/1800/1666
f 1612/1774/1642 1611/1772/1640 1642/1799/1665 1643/1801/1667
f 1599/1776/1643 1039/1802/30 1630/1803/1668
f 1626/1777/1644 1625/1773/1641 1656/1800/1666 1657/1804/1669
f 1613/1778/1645 1612/1774/1642 1643/1801/1667 1644/1805/1670
f 1600/1746/1615 1599/1776/1643 1630/1803/1668 1631/1806/1671
f 1627/1748/1617 1626/1777/1644 1657/1804/1669 1658/1807/1672
f 1614/1750/1619 1613/1778/1645 1644/1805/1670 1645/1808/1673
f 1601/1747/1616 1600/1746/1615 1631/1806/1671 1632/1809/1674
f 1628/1749/1618 1627/1748/1617 1658/1807/1672 1659/1810/1675
f 1615/1751/1620 1614/1750/1619 1645/1808/1673 1646/1811/1676
f 1602/1752/1621 1601/1747/1616 1632/1809/1674 1633/1779/1646
f 1629/1753/1622 1628/1749/1618 1659/1810/1675 1660/1782/1648
f 1616/1754/1623 1615/1751/1620 1646/1811/1676 1647/1783/1649
f 1636/1787/1653 1635/1785/1651 1666/1812/1677 1667/1813/1678
f 1650/1788/1654 1649/1786/1652 1680/1814/1679 1681/1815/1680
f 1637/1789/1655 1636/1787/1653 1667/1813/1678 1668/1816/1681
f 1651/1790/1656 1650/1788/1654 1681/1815/1680 1682/1817/1682
f 1638/1791/1657 1637/1789/1655 1668/1816/1681 1669/1818/1683
f 1652/1792/1658 1651/1790/1656 1682/1817/1682 1683/1819/1684
f 1639/1793/1659 1638/1791/1657 1669/1818/1683 1670/1820/1685
f 1653/1794/1660 1652/1792/1658 1683/1819/1684 1684/1821/1686
f 1640/1795/1661 1639/1793/1659 1670/1820/1685 1671/1822/1687
f 1654/1796/1662 1653/1794/1660 1684/1821/1686 1685/1823/1688
f 1641/1797/1663 1640/1795/1661 1671/1822/1687 1672/1824/1689
f 1655/1798/1664 1654/1796/1662 1685/1823/1688 1686/1825/1690
f 1642/1799/1665 1641/1797/1663 1672/1824/1689 1673/1826/1691
f 1656/1800/1666 1655/1798/1664 1686/1825/1690 1687/1827/1692
f 1643/1801/1667 1642/1799/1665 1673/1826/1691 1674/1828/1693
f 1630/1803/1668 1039/1829/30 1661/1830/1694
f 1657/1804/1669 1656/1800/1666 1687/1827/1692 1688/1831/1695
f 1644/1805/1670 1643/1801/1667 1674/1828/1693 1675/1832/1696
f 1631/1806/1671 1630/1803/1668 1661/1830/1694 1662/1833/1697
f 1658/1807/1672 1657/1804/1669 1688/1831/1695 1689/1834/1698
f 1645/1808/1673 1644/1805/1670 1675/1832/1696 1676/1835/1699
f 1632/1809/1674 1631/1806/1671 1662/1833/1697 1663/1836/1700
f 1659/1810/1675 1658/1807/1672 1689/1834/1698 1690/1837/1701
f 1646/1811/1676 1645/1808/1673 1676/1835/1699 1677/1838/1702
f 1633/1779/1646 1632/1809/1674 1663/1836/1700 1664/1839/1703
f 1660/1782/1648 1659/1810/1675 1690/1837/1701 1691/1840/1704
f 1647/1783/1649 1646/1811/1676 1677/1838/1702 1678/1841/1705
f 1634/1780/1647 1633/1779/1646 1664/1839/1703 1665/1842/1706
f 1226/1843/56 1660/1782/1648 1691/1840/1704
f 1648/1784/1650 1647/1783/1649 1678/1841/1705 1679/1844/1707
f 1635/1785/1651 1634/1780/1647 1665/1842/1706 1666/1812/1677
f 1649/1786/1652 1648/1784/1650 1679/1844/1707 1680/1814/1679
f 1669/1818/1683 1668/1816/1681 1699/1845/1708 1700/1846/1709
f 1683/1819/1684 1682/1817/1682 1713/1847/1710 1714/1848/1711
f 1670/1820/1685 1669/1818/1683 1700/1846/1709 1701/1849/1712
f 1684/1821/1686 1683/1819/1684 1714/1848/1711 1715/1850/1713
f 1671/1822/1687 1670/1820/1685 1701/1849/1712 1702/1851/1714
f 1685/1823/1688 1684/1821/1686 1715/1850/1713 1716/1852/1715
f 1672/1824/1689 1671/1822/1687 1702/1851/1714 1703/1853/1716
f 1686/1825/1690 1685/1823/1688 1716/1852/1715 1717/1854/1717
f 1673/1826/1691 1672/1824/1689 1703/1853/1716 1704/1855/1718
f 1687/1827/1692 1686/1825/1690 1717/1854/1717 1718/1856/1719
f 1674/1828/1693 1673/1826/1691 1704/1855/1718 1705/1857/1720
f 1661/1830/1694 1039/1858/30 1692/1859/1721
f 1688/1831/1695 1687/1827/1692 1718/1856/1719 1719/1860/1722
f 1675/1832/1696 1674/1828/1693 1705/1857/1720 1706/1861/1723
f 1662/1833/1697 1661/1830/1694 1692/1859/1721 1693/1862/1724
f 1689/1834/1698 1688/1831/1695 1719/1860/1722 1720/1863/1725
f 1676/1835/1699 1675/1832/1696 1706/1861/1723 1707/1864/1726
f 1663/1836/1700 1662/1833/1697 1693/1862/1724 1694/1865/1727
f 1690/1837/1701 1689/1834/1698 1720/1863/1725 1721/1866/1728
f 1677/1838/1702 1676/1835/1699 1707/1864/1726 1708/1867/1729
f 1664/1839/1703 1663/1836/1700 1694/1865/1727 1695/1868/1730
f 1691/1840/1704 1690/1837/1701 1721/1866/1728 1722/1869/1731
f 1678/1841/1705 1677/1838/1702 1708/1867/1729 1709/1870/1732
f 1665/1842/1706 1664/1839/1703 1695/1868/1730 1696/1871/1733
f 1226/1872/56 1691/1840/1704 1722/1869/1731
f 1679/1844/1707 1678/1841/1705 1709/1870/1732 1710/1873/1734
f 1666/1812/1677 1665/1842/1706 1696/1871/1733 1697/1874/1735
f 1680/1814/1679 1679/1844/1707 1710/1873/1734 1711/1875/1736
f 1667/1813/1678 1666/1812/1677 1697/1874/1735 1698/1876/1737
f 1681/1815/1680 1680/1814/1679 1711/1875/1736 1712/1877/1738
f 1668/1816/1681 1667/1813/1678 1698/1876/1737 1699/1845/1708
f 1682/1817/1682 1681/1815/1680 1712/1877/1738 1713/1847/1710
f 1702/1851/1714 1701/1849/1712 1732/1878/1739 1733/1879/1740
f 1716/1852/1715 1715/1850/1713 1746/1880/1741 1747/1881/1742
f 1703/1853/1716 1702/1851/1714 1733/1879/1740 1734/1882/1743
f 1717/1854/1717 1716/1852/1715 1747/1881/1742 1748/1883/1744
f 1704/1855/1718 1703/1853/1716 1734/1882/1743 1735/1884/1745
f 1718/1856/1719 1717/1854/1717 1748/1883/1744 1749/1885/1746
f 1705/1857/1720 1704/1855/1718 1735/1884/1745 1736/1886/1747
f 1692/1859/1721 1039/1887/30 1723/1888/1748
f 1719/1860/1722 1718/1856/1719 1749/1885/1746 1750/1889/1749
f 1706/1861/1723 1705/1857/1720 1736/1886/1747 1737/1890/1750
f 1693/1862/1724 1692/1859/1721 1723/1888/1748 1724/1891/1751
f 1720/1863/1725 1719/1860/1722 1750/1889/1749 1751/1892/1752
f 1707/1864/1726 1706/1861/1723 1737/1890/1750 1738/1893/1753
f 1694/1865/1727 1693/1862/1724 1724/1891/1751 1725/1894/1754
f 1721/1866/1728 1720/1863/1725 1751/1892/1752 1752/1895/1755
f 1708/1867/1729 1707/1864/1726 1738/1893/1753 1739/1896/1756
f 1695/1868/1730 1694/1865/1727 1725/1894/1754 1726/1897/1757
f 1722/1869/1731 1721/1866/1728 1752/1895/1755 1753/1898/1758
f 1709/1870/1732 1708/1867/1729 1739/1896/1756 1740/1899/1759
f 1696/1871/1733 1695/1868/1730 1726/1897/1757 1727/1900/1760
f 1226/1901/56 1722/1869/1731 1753/1898/1758
f 1710/1873/1734 1709/1870/1732 1740/1899/1759 1741/1902/1761
f 1697/1874/1735 1696/1871/1733 1727/1900/1760 1728/1903/1762
f 1711/1875/1736 1710/1873/1734 1741/1902/1761 1742/1904/1763
f 1698/1876/1737 1697/1874/1735 1728/1903/1762 1729/1905/1764
f 1712/1877/1738 1711/1875/1736 1742/1904/1763 1743/1906/1765
f 1699/1845/1708 1698/1876/1737 1729/1905/1764 1730/1907/1766
f 1713/1847/1710 1712/1877/1738 1743/1906/1765 1744/1908/1767
f 1700/1846/1709 1699/1845/1708 1730/1907/1766 1731/1909/1768
f 1714/1848/1711 1713/1847/1710 1744/1908/1767 1745/1910/1769
f 1701/1849/1712 1700/1846/1709 1731/1909/1768 1732/1878/1739
f 1715/1850/1713 1714/1848/1711 1745/1910/1769 1746/1880/1741
f 1735/1884/1745 1734/1882/1743 1765/1911/1770 1766/1912/1771
f 1749/1885/1746 1748/1883/1744 1779/1913/1772 1780/1914/1773
f 1736/1886/1747 1735/1884/1745 1766/1912/1771 1767/1915/1774
f 1723/1888/1748 1039/1916/30 1754/1917/1775
f 1750/1889/1749 1749/1885/1746 1780/1914/1773 1781/1918/1776
f 1737/1890/1750 1736/1886/1747 1767/1915/1774 1768/1919/1777
f 1724/1891/1751 1723/1888/1748 1754/1917/1775 1755/1920/1778
f 1751/1892/1752 1750/1889/1749 1781/1918/1776 1782/1921/1779
f 1738/1893/1753 1737/1890/1750 1768/1919/1777 1769/1922/1780
f 1725/1894/1754 1724/1891/1751 1755/1920/1778 1756/1923/1781
f 1752/1895/1755 1751/1892/1752 1782/1921/1779 1783/1924/1782
f 1739/1896/1756 1738/1893/1753 1769/1922/1780 1770/1925/1783
f 1726/1897/1757 1725/1894/1754 1756/1923/1781 1757/1926/1784
f 1753/1898/1758 1752/1895/1755 1783/1924/1782 1784/1927/1785
f 1740/1899/1759 1739/1896/1756 1770/1925/1783 1771/1928/1786
f 1727/1900/1760 1726/1897/1757 1757/1926/1784 1758/1929/1787
f 1226/1930/56 1753/1898/1758 1784/1927/1785
f 1741/1902/1761 1740/1899/1759 1771/1928/1786 1772/1931/1788
f 1728/1903/1762 1727/1900/1760 1758/1929/1787 1759/1932/1789
f 1742/1904/1763 1741/1902/1761 1772/1931/1788 1773/1933/1790
f 1729/1905/1764 1728/1903/1762 1759/1932/1789 1760/1934/1791
f 1743/1906/1765 1742/1904/1763 1773/1933/1790 1774/1935/1792
f 1730/1907/1766 1729/1905/1764 1760/1934/1791 1761/1936/1793
f 1744/1908/1767 1743/1906/1765 1774/1935/1792 1775/1937/1794
f 1731/1909/1768 1730/1907/1766 1761/1936/1793 1762/1938/1795
f 1745/1910/1769 1744/1908/1767 1775/1937/1794 1776/1939/1796
f 1732/1878/1739 1731/1909/1768 1762/1938/1795 1763/1940/1797
f 1746/1880/1741 1745/1910/1769 1776/1939/1796 1777/1941/1798
f 1733/1879/1740 1732/1878/1739 1763/1940/1797 1764/1942/1799
f 1747/1881/1742 1746/1880/1741 1777/1941/1798 1778/1943/1800
f 1734/1882/1743 1733/1879/1740 1764/1942/1799 1765/1911/1770
f 1748/1883/1744 1747/1881/1742 1778/1943/1800 1779/1913/1772
f 1768/1919/1777 1767/1915/1774 1798/1944/1801 1799/1945/1802
f 1755/1920/1778 1754/1917/1775 1785/1946/1803 1786/1947/1804
f 1782/1921/1779 1781/1918/1776 1812/1948/1805 1813/1949/1806
f 1769/1922/1780 1768/1919/1777 1799/1945/1802 1800/1950/1807
f 1756/1923/1781 1755/1920/1778 1786/1947/1804 1787/1951/1808
f 1783/1924/1782 1782/1921/1779 1813/1949/1806 1814/1952/1809
f 1770/1925/1783 1769/1922/1780 1800/1950/1807 1801/1953/1810
f 1757/1926/1784 1756/1923/1781 1787/1951/1808 1788/1954/1811
f 1784/1927/1785 1783/1924/1782 1814/1952/1809 1815/1955/1812
f 1771/1928/1786 1770/1925/1783 1801/1953/1810 1802/1956/1813
f 1758/1929/1787 1757/1926/1784 1788/1954/1811 1789/1957/1814
f 1226/1958/56 1784/1927/1785 1815/1955/1812
f 1772/1931/1788 1771/1928/1786 1802/1956/1813 1803/1959/1815
f 1759/1932/1789 1758/1929/1787 1789/1957/1814 1790/1960/1816
f 1773/1933/1790 1772/1931/1788 1803/1959/1815 1804/1961/1817
f 1760/1934/1791 1759/1932/1789 1790/1960/1816 1791/1962/1818
f 1774/1935/1792 1773/1933/1790 1804/1961/1817 1805/1963/1819
f 1761/1936/1793 1760/1934/1791 1791/1962/1818 1792/1964/1820
f 1775/1937/1794 1774/1935/1792 1805/1963/1819 1806/1965/1821
f 1762/1938/1795 1761/1936/1793 1792/1964/1820 1793/1966/1822
f 1776/1939/1796 1775/1937/1794 1806/1965/1821 1807/1967/1823
f 1763/1940/1797 1762/1938/1795 1793/1966/1822 1794/1968/1824
f 1777/1941/1798 1776/1939/1796 1807/1967/1823 1808/1969/1825
f 1764/1942/1799 1763/1940/1797 1794/1968/1824 1795/1970/1826
f 1778/1943/1800 1777/1941/1798 1808/1969/1825 1809/1971/1827
f 1765/1911/1770 1764/1942/1799 1795/1970/1826 1796/1972/1828
f 1779/1913/1772 1778/1943/1800 1809/1971/1827 1810/1973/1829
f 1766/1912/1771 1765/1911/1770 1796/1972/1828 1797/1974/1830
f 1780/1914/1773 1779/1913/1772 1810/1973/1829 1811/1975/1831
f 1767/1915/1774 1766/1912/1771 1797/1974/1830 1798/1944/1801
f 1754/1917/1775 1039/1976/30 1785/1946/1803
f 1781/1918/1776 1780/1914/1773 1811/1975/1831 1812/1948/1805
f 1801/1953/1810 1800/1950/1807 1831/1977/1832 1832/1978/1833
f 1788/1954/1811 1787/1951/1808 1818/1979/1834 1819/1980/1835
f 1815/1955/1812 1814/1952/1809 1845/1981/1836 1846/1982/1837
f 1802/1956/1813 1801/1953/1810 1832/1978/1833 1833/1983/1838
f 1789/1957/1814 1788/1954/1811 1819/1980/1835 1820/1984/1839
f 1226/1985/56 1815/1955/1812 1846/1982/1837
f 1803/1959/1815 1802/1956/1813 1833/1983/1838 1834/1986/1840
f 1790/1960/1816 1789/1957/1814 1820/1984/1839 1821/1987/1841
f 1804/1961/1817 1803/1959/1815 1834/1986/1840 1835/1988/1842
f 1791/1962/1818 1790/1960/1816 1821/1987/1841 1822/1989/1843
f 1805/1963/1819 1804/1961/1817 1835/1988/1842 1836/1990/1844
f 1792/1964/1820 1791/1962/1818 1822/1989/1843 1823/1991/1845
f 1806/1965/1821 1805/1963/1819 1836/1990/1844 1837/1992/1846
f 1793/1966/1822 1792/1964/1820 1823/1991/1845 1824/1993/1847
f 1807/1967/1823 1806/1965/1821 1837/1992/1846 1838/1994/1848
f 1794/1968/1824 1793/1966/1822 1824/1993/1847 1825/1995/1849
f 1808/1969/1825 1807/1967/1823 1838/1994/1848 1839/1996/1850
f 1795/1970/1826 1794/1968/1824 1825/1995/1849 1826/1997/1851
f 1809/1971/1827 1808/1969/1825 1839/1996/1850 1840/1998/1852
f 1796/1972/1828 1795/1970/1826 1826/1997/1851 1827/1999/1853
f 1810/1973/1829 1809/1971/1827 1840/1998/1852 1841/2000/1854
f 1797/1974/1830 1796/1972/1828 1827/1999/1853 1828/2001/1855
f 1811/1975/1831 1810/1973/1829 1841/2000/1854 1842/2002/1856
f 1798/1944/1801 1797/1974/1830 1828/2001/1855 1829/2003/1857
f 1785/1946/1803 1039/2004/30 1816/2005/1858
f 1812/1948/1805 1811/1975/1831 1842/2002/1856 1843/2006/1859
f 1799/1945/1802 1798/1944/1801 1829/2003/1857 1830/2007/1860
f 1786/1947/1804 1785/1946/1803 1816/2005/1858 1817/2008/1861
f 1813/1949/1806 1812/1948/1805 1843/2006/1859 1844/2009/1862
f 1800/1950/1807 1799/1945/1802 1830/2007/1860 1831/1977/1832
f 1787/1951/1808 1786/1947/1804 1817/2008/1861 1818/1979/1834
f 1814/1952/1809 1813/1949/1806 1844/2009/1862 1845/1981/1836
f 1834/1986/1840 1833/1983/1838 1864/2010/1863 1865/2011/1864
f 1821/1987/1841 1820/1984/1839 1851/2012/1865 1852/2013/1866
f 1835/1988/1842 1834/1986/1840 1865/2011/1864 1866/2014/1867
f 1822/1989/1843 1821/1987/1841 1852/2013/1866 1853/2015/1868
f 1836/1990/1844 1835/1988/1842 1866/2014/1867 1867/2016/1869
f 1823/1991/1845 1822/1989/1843 1853/2015/1868 1854/2017/1870
f 1837/1992/1846 1836/1990/1844 1867/2016/1869 1868/2018/1871
f 1824/1993/1847 1823/1991/1845 1854/2017/1870 1855/2019/1872
f 1838/1994/1848 1837/1992/1846 1868/2018/1871 1869/2020/1873
f 1825/1995/1849 1824/1993/1847 1855/2019/1872 1856/2021/1874
f 1839/1996/1850 1838/1994/1848 1869/2020/1873 1870/2022/1875
f 1826/1997/1851 1825/1995/1849 1856/2021/1874 1857/2023/1876
f 1840/1998/1852 1839/1996/1850 1870/2022/1875 1871/2024/1877
f 1827/1999/1853 1826/1997/1851 1857/2023/1876 1858/2025/1878
f 1841/2000/1854 1840/1998/1852 1871/2024/1877 1872/2026/1879
f 1828/2001/1855 1827/1999/1853 1858/2025/1878 1859/2027/1880
f 1842/2002/1856 1841/2000/1854 1872/2026/1879 1873/2028/1881
f 1829/2003/1857 1828/2001/1855 1859/2027/1880 1860/2029/1882
f 1816/2005/1858 1039/2030/30 1847/2031/1883
f 1843/2006/1859 1842/2002/1856 1873/2028/1881 1874/2032/1884
f 1830/2007/1860 1829/2003/1857 1860/2029/1882 1861/2033/1885
f 1817/2008/1861 1816/2005/1858 1847/2031/1883 1848/2034/1886
f 1844/2009/1862 1843/2006/1859 1874/2032/1884 1875/2035/1887
f 1831/1977/1832 1830/2007/1860 1861/2033/1885 1862/2036/1888
f 1818/1979/1834 1817/2008/1861 1848/2034/1886 1849/2037/1889
f 1845/1981/1836 1844/2009/1862 1875/2035/1887 1876/2038/1890
f 1832/1978/1833 1831/1977/1832 1862/2036/1888 1863/2039/1891
f 1819/1980/1835 1818/1979/1834 1849/2037/1889 1850/2040/1892
f 1846/1982/1837 1845/1981/1836 1876/2038/1890 1877/2041/1893
f 1833/1983/1838 1832/1978/1833 1863/2039/1891 1864/2010/1863
f 1820/1984/1839 1819/1980/1835 1850/2040/1892 1851/2012/1865
f 1226/2042/56 1846/1982/1837 1877/2041/1893
f 1867/2016/1869 1866/2014/1867 1897/2043/1894 1898/2044/1895
f 1854/2017/1870 1853/2015/1868 1884/2045/1896 1885/2046/1897
f 1868/2018/1871 1867/2016/1869 1898/2044/1895 1899/2047/1898
f 1855/2019/1872 1854/2017/1870 1885/2046/1897 1886/2048/1899
f 1869/2020/1873 1868/2018/1871 1899/2047/1898 1900/2049/1900
f 1856/2021/1874 1855/2019/1872 1886/2048/1899 1887/2050/1901
f 1870/2022/1875 1869/2020/1873 1900/2049/1900 1901/2051/1902
f 1857/2023/1876 1856/2021/1874 1887/2050/1901 1888/2052/1903
f 1871/2024/1877 1870/2022/1875 1901/2051/1902 1902/2053/1904
f 1858/2025/1878 1857/2023/1876 1888/2052/1903 1889/2054/1905
f 1872/2026/1879 1871/2024/1877 1902/2053/1904 1903/2055/1906
f 1859/2027/1880 1858/2025/1878 1889/2054/1905 1890/2056/1907
f 1873/2028/1881 1872/2026/1879 1903/2055/1906 1904/2057/1908
f 1860/2029/1882 1859/2027/1880 1890/2056/1907 1891/2058/1909
f 1847/2031/1883 1039/2059/30 1878/2060/1910
f 1874/2032/1884 1873/2028/1881 1904/2057/1908 1905/2061/1911
f 1861/2033/1885 1860/2029/1882 1891/2058/1909 1892/2062/1912
f 1848/2034/1886 1847/2031/1883 1878/2060/1910 1879/2063/1913
f 1875/2035/1887 1874/2032/1884 1905/2061/1911 1906/2064/1914
f 1862/2036/1888 1861/2033/1885 1892/2062/1912 1893/2065/1915
f 1849/2037/1889 1848/2034/1886 1879/2063/1913 1880/2066/1916
f 1876/2038/1890 1875/2035/1887 1906/2064/1914 1907/2067/1917
f 1863/2039/1891 1862/2036/1888 1893/2065/1915 1894/2068/1918
f 1850/2040/1892 1849/2037/1889 1880/2066/1916 1881/2069/1919
f 1877/2041/1893 1876/2038/1890 1907/2067/1917 1908/2070/1920
f 1864/2010/1863 1863/2039/1891 1894/2068/1918 1895/2071/1921
f 1851/2012/1865 1850/2040/1892 1881/2069/1919 1882/2072/1922
f 1226/2073/56 1877/2041/1893 1908/2070/1920
f 1865/2011/1864 1864/2010/1863 1895/2071/1921 1896/2074/1923
f 1852/2013/1866 1851/2012/1865 1882/2072/1922 1883/2075/1924
f 1866/2014/1867 1865/2011/1864 1896/2074/1923 1897/2043/1894
f 1853/2015/1868 1852/2013/1866 1883/2075/1924 1884/2045/1896
f 1900/2049/1900 1899/2047/1898 1930/2076/1925 1931/2077/1926
f 1887/2050/1901 1886/2048/1899 1917/2078/1927 1918/2079/1928
f 1901/2051/1902 1900/2049/1900 1931/2077/1926 1932/2080/1929
f 1888/2052/1903 1887/2050/1901 1918/2079/1928 1919/2081/1930
f 1902/2053/1904 1901/2051/1902 1932/2080/1929 1933/2082/1931
f 1889/2054/1905 1888/2052/1903 1919/2081/1930 1920/2083/1932
f 1903/2055/1906 1902/2053/1904 1933/2082/1931 1934/2084/1933
f 1890/2056/1907 1889/2054/1905 1920/2083/1932 1921/2085/1934
f 1904/2057/1908 1903/2055/1906 1934/2084/1933 1935/2086/1935
f 1891/2058/1909 1890/2056/1907 1921/2085/1934 1922/2087/1936
f 1878/2060/1910 1039/2088/30 1909/2089/1937
f 1905/2061/1911 1904/2057/1908 1935/2086/1935 1936/2090/1938
f 1892/2062/1912 1891/2058/1909 1922/2087/1936 1923/2091/1939
f 1879/2063/1913 1878/2060/1910 1909/2089/1937 1910/2092/1940
f 1906/2064/1914 1905/2061/1911 1936/2090/1938 1937/2093/1941
f 1893/2065/1915 1892/2062/1912 1923/2091/1939 1924/2094/1942
f 1880/2066/1916 1879/2063/1913 1910/2092/1940 1911/2095/1943
f 1907/2067/1917 1906/2064/1914 1937/2093/1941 1938/2096/1944
f 1894/2068/1918 1893/2065/1915 1924/2094/1942 1925/2097/1945
f 1881/2069/1919 1880/2066/1916 1911/2095/1943 1912/2098/1946
f 1908/2070/1920 1907/2067/1917 1938/2096/1944 1939/2099/1947
f 1895/2071/1921 1894/2068/1918 1925/2097/1945 1926/2100/1948
f 1882/2072/1922 1881/2069/1919 1912/2098/1946 1913/2101/1949
f 1226/2102/56 1908/2070/1920 1939/2099/1947
f 1896/2074/1923 1895/2071/1921 1926/2100/1948 1927/2103/1950
f 1883/2075/1924 1882/2072/1922 1913/2101/1949 1914/2104/1951
f 1897/2043/1894 1896/2074/1923 1927/2103/1950 1928/2105/1952
f 1884/2045/1896 1883/2075/1924 1914/2104/1951 1915/2106/1953
f 1898/2044/1895 1897/2043/1894 1928/2105/1952 1929/2107/1954
f 1885/2046/1897 1884/2045/1896 1915/2106/1953 1916/2108/1955
f 1899/2047/1898 1898/2044/1895 1929/2107/1954 1930/2076/1925
f 1886/2048/1899 1885/2046/1897 1916/2108/1955 1917/2078/1927
f 1933/2082/1931 1932/2080/1929 1963/2109/1956 1964/2110/1957
f 1920/2083/1932 1919/2081/1930 1950/2111/1958 1951/2112/1959
f 1934/2084/1933 1933/2082/1931 1964/2110/1957 1965/2113/1960
f 1921/2085/1934 1920/2083/1932 1951/2112/1959 1952/2114/1961
f 1935/2086/1935 1934/2084/1933 1965/2113/1960 1966/2115/1962
f 1922/2087/1936 1921/2085/1934 1952/2114/1961 1953/2116/1963
f 1909/2089/1937 1039/2117/30 1940/2118/1964
f 1936/2090/1938 1935/2086/1935 1966/2115/1962 1967/2119/1965
f 1923/2091/1939 1922/2087/1936 1953/2116/1963 1954/2120/1966
f 1910/2092/1940 1909/2089/1937 1940/2118/1964 1941/2121/1967
f 1937/2093/1941 1936/2090/1938 1967/2119/1965 1968/2122/1968
f 1924/2094/1942 1923/2091/1939 1954/2120/1966 1955/2123/1969
f 1911/2095/1943 1910/2092/1940 1941/2121/1967 1942/2124/1970
f 1938/2096/1944 1937/2093/1941 1968/2122/1968 1969/2125/1971
f 1925/2097/1945 1924/2094/1942 1955/2123/1969 1956/2126/1972
f 1912/2098/1946 1911/2095/1943 1942/2124/1970 1943/2127/1973
f 1939/2099/1947 1938/2096/1944 1969/2125/1971 1970/2128/1974
f 1926/2100/1948 1925/2097/1945 1956/2126/1972 1957/2129/1975
f 1913/2101/1949 1912/2098/1946 1943/2127/1973 1944/2130/1976
f 1226/2131/56 1939/2099/1947 1970/2128/1974
f 1927/2103/1950 1926/2100/1948 1957/2129/1975 1958/2132/1977
f 1914/2104/1951 1913/2101/1949 1944/2130/1976 1945/2133/1978
f 1928/2105/1952 1927/2103/1950 1958/2132/1977 1959/2134/1979
f 1915/2106/1953 1914/2104/1951 1945/2133/1978 1946/2135/1980
f 1929/2107/1954 1928/2105/1952 1959/2134/1979 1960/2136/1981
f 1916/2108/1955 1915/2106/1953 1946/2135/1980 1947/2137/1982
f 1930/2076/1925 1929/2107/1954 1960/2136/1981 1961/2138/1983
f 1917/2078/1927 1916/2108/1955 1947/2137/1982 1948/2139/1984
f 1931/2077/1926 1930/2076/1925 1961/2138/1983 1962/2140/1985
f 1918/2079/1928 1917/2078/1927 1948/2139/1984 1949/2141/1986
f 1932/2080/1929 1931/2077/1926 1962/2140/1985 1963/2109/1956
f 1919/2081/1930 1918/2079/1928 1949/2141/1986 1950/2111/1958
f 1966/2115/1962 1965/2113/1960 1983/21/21 1984/25/25
f 1953/2116/1963 1952/2114/1961 7/23/23 1977/27/27
f 1940/2118/1964 1039/2142/30 1/29/29
f 1967/2119/1965 1966/2115/1962 1984/25/25 1985/32/32
f 1954/2120/1966 1953/2116/1963 1977/27/27 8/34/34
f 1941/2121/1967 1940/2118/1964 1/29/29 2/36/36
f 1968/2122/1968 1967/2119/1965 1985/32/32 14/38/38
f 1955/2123/1969 1954/2120/1966 8/34/34 9/40/40
f 1942/2124/1970 1941/2121/1967 2/36/36 3/42/42
f 1969/2125/1971 1968/2122/1968 14/38/38 1986/44/44
f 1956/2126/1972 1955/2123/1969 9/40/40 10/46/46
f 1943/2127/1973 1942/2124/1970 3/42/42 1971/48/48
f 1970/2128/1974 1969/2125/1971 1986/44/44 15/50/50
f 1957/2129/1975 1956/2126/1972 10/46/46 1978/52/52
f 1944/2130/1976 1943/2127/1973 1971/48/48 4/54/54
f 1226/2143/56 1970/2128/1974 15/50/50
f 1958/2132/1977 1957/2129/1975 1978/52/52 11/57/57
f 1945/2133/1978 1944/2130/1976 4/54/54 1972/59/59
f 1959/2134/1979 1958/2132/1977 11/57/57 12/61/61
f 1946/2135/1980 1945/2133/1978 1972/59/59 1973/63/63
f 1960/2136/1981 1959/2134/1979 12/61/61 13/2/2
f 1947/2137/1982 1946/2135/1980 1973/63/63 1974/6/6
f 1961/2138/1983 1960/2136/1981 13/2/2 1979/1/1
f 1948/2139/1984 1947/2137/1982 1974/6/6 1975/5/5
f 1962/2140/1985 1961/2138/1983 1979/1/1 1980/9/9
f 1949/2141/1986 1948/2139/1984 1975/5/5 1976/11/11
f 1963/2109/1956 1962/2140/1985 1980/9/9 1981/13/13
f 1950/2111/1958 1949/2141/1986 1976/11/11 5/15/15
f 1964/2110/1957 1963/2109/1956 1981/13/13 1982/17/17
f 1951/2112/1959 1950/2111/1958 5/15/15 6/19/19
f 1965/2113/1960 1964/2110/1957 1982/17/17 1983/21/21
f 1952/2114/1961 1951/2112/1959 6/19/19 7/23/23
